frameId,t,yaw,pitch,roll,isCalibrated
0,0.006780,0.060993,-0.125004,0.008929,1
1,0.021920,0.054783,-0.116802,0.010325,1
2,0.036789,0.044252,-0.105171,0.014284,1
3,0.052046,0.034357,-0.094776,0.018707,1
4,0.066980,0.028798,-0.089576,0.023483,1
5,0.081964,0.029010,-0.090026,0.027438,1
6,0.097049,0.031577,-0.093946,0.030689,1
7,0.112337,0.031631,-0.099339,0.032764,1
8,0.127249,0.028772,-0.103877,0.034742,1
9,0.142170,0.026707,-0.105986,0.037009,1
10,0.157272,0.026506,-0.105861,0.039013,1
11,0.172317,0.027603,-0.104458,0.039891,1
12,0.187428,0.029598,-0.102808,0.039663,1
13,0.202403,0.031181,-0.101788,0.038843,1
14,0.217460,0.031300,-0.102559,0.037699,1
15,0.232443,0.033063,-0.104694,0.036658,1
16,0.247506,0.039117,-0.107375,0.034871,1
17,0.266534,0.047071,-0.110103,0.032900,1
18,0.277704,0.053631,-0.111651,0.031746,1
19,0.292611,0.058251,-0.110761,0.031727,1
20,0.307756,0.061415,-0.107766,0.031475,1
21,0.322841,0.065056,-0.104013,0.030346,1
22,0.337804,0.069987,-0.100700,0.028893,1
23,0.352874,0.076184,-0.097732,0.027749,1
24,0.368036,0.081794,-0.094040,0.027494,1
25,0.382893,0.084507,-0.089383,0.028052,1
26,0.397999,0.084743,-0.085708,0.028731,1
27,0.412895,0.085539,-0.085343,0.029235,1
28,0.428161,0.089143,-0.089280,0.029081,1
29,0.443291,0.095233,-0.097273,0.028213,1
30,0.458156,0.101712,-0.108285,0.027585,1
31,0.473138,0.105521,-0.120105,0.028607,1
32,0.488666,0.105981,-0.128995,0.031987,1
33,0.503315,0.102398,-0.133192,0.037636,1
34,0.518343,0.097161,-0.134615,0.043058,1
35,0.533283,0.093385,-0.133994,0.047568,1
36,0.548457,0.093087,-0.132483,0.050214,1
37,0.563582,0.097225,-0.130040,0.051187,1
38,0.578530,0.104859,-0.126219,0.051571,1
39,0.593702,0.112323,-0.121788,0.052576,1
40,0.608750,0.116123,-0.117840,0.054364,1
41,0.623702,0.116769,-0.114873,0.056598,1
42,0.638739,0.118374,-0.113138,0.058532,1
43,0.653763,0.123923,-0.113592,0.059232,1
44,0.668830,0.133140,-0.116305,0.058734,1
45,0.683864,0.143435,-0.119326,0.057810,1
46,0.698938,0.149744,-0.120440,0.057014,1
47,0.713902,0.149241,-0.119626,0.057700,1
48,0.729115,0.144542,-0.118641,0.060102,1
49,0.744133,0.142594,-0.117751,0.062776,1
50,0.759112,0.146557,-0.115682,0.064128,1
51,0.774101,0.153660,-0.111621,0.064092,1
52,0.789235,0.159088,-0.105598,0.064102,1
53,0.804225,0.159976,-0.098581,0.064910,1
54,0.819474,0.156889,-0.092669,0.066627,1
55,0.834289,0.150929,-0.089934,0.069641,1
56,0.849290,0.146930,-0.089906,0.073562,1
57,0.864550,0.147673,-0.091057,0.077549,1
58,0.879592,0.151229,-0.092811,0.081331,1
59,0.894506,0.155295,-0.094892,0.084858,1
60,0.909865,0.158679,-0.096523,0.087964,1
61,0.924740,0.159833,-0.097423,0.090506,1
62,0.940748,0.159280,-0.098092,0.092238,1
63,0.954653,0.159682,-0.098696,0.093020,1
64,0.970069,0.162222,-0.099663,0.092384,1
65,0.984751,0.167212,-0.100892,0.090685,1
66,0.999768,0.174042,-0.102228,0.088681,1
67,1.014796,0.181189,-0.103584,0.086931,1
68,1.030061,0.187197,-0.104643,0.085569,1
69,1.044958,0.191670,-0.104884,0.084486,1
70,1.060308,0.195060,-0.104140,0.083339,1
71,1.075127,0.197753,-0.103113,0.082055,1
72,1.090381,0.199961,-0.102867,0.080418,1
73,1.105071,0.203006,-0.103469,0.077961,1
74,1.120280,0.207161,-0.104168,0.075310,1
75,1.135205,0.210770,-0.104453,0.073394,1
76,1.150295,0.212280,-0.104187,0.072526,1
77,1.165214,0.212213,-0.103337,0.072340,1
78,1.180469,0.211624,-0.102413,0.071967,1
79,1.196095,0.210948,-0.102222,0.071009,1
80,1.210547,0.210946,-0.102943,0.069892,1
81,1.225546,0.212224,-0.104024,0.069179,1
82,1.240465,0.214488,-0.105138,0.069207,1
83,1.255484,0.216676,-0.105829,0.070132,1
84,1.270658,0.217997,-0.105407,0.071427,1
85,1.285706,0.216964,-0.103990,0.072719,1
86,1.300791,0.213615,-0.102269,0.073284,1
87,1.315729,0.209335,-0.100802,0.072817,1
88,1.330832,0.206868,-0.099585,0.071724,1
89,1.345698,0.207135,-0.098314,0.070714,1
90,1.360933,0.208430,-0.097610,0.070102,1
91,1.375978,0.209775,-0.098062,0.069772,1
92,1.390976,0.210924,-0.099348,0.069758,1
93,1.406157,0.211662,-0.100484,0.070076,1
94,1.421094,0.211569,-0.100928,0.070219,1
95,1.436035,0.211038,-0.101082,0.070183,1
96,1.452439,0.210847,-0.101919,0.070146,1
97,1.466228,0.211212,-0.103582,0.070385,1
98,1.481271,0.211727,-0.105673,0.070854,1
99,1.496236,0.212608,-0.107298,0.071557,1
100,1.511340,0.213167,-0.108021,0.072183,1
101,1.526557,0.213330,-0.107528,0.072748,1
102,1.541452,0.212715,-0.105972,0.073172,1
103,1.556417,0.211030,-0.104263,0.073311,1
104,1.571529,0.209612,-0.103292,0.073208,1
105,1.586594,0.209659,-0.103329,0.073206,1
106,1.601624,0.210859,-0.103952,0.073707,1
107,1.616608,0.212234,-0.104484,0.074794,1
108,1.631731,0.212439,-0.104585,0.076136,1
109,1.646921,0.211834,-0.104251,0.077061,1
110,1.661803,0.212044,-0.103486,0.076804,1
111,1.676812,0.213623,-0.102616,0.075177,1
112,1.691985,0.215912,-0.102287,0.073285,1
113,1.707071,0.218518,-0.102677,0.072144,1
114,1.722113,0.221274,-0.103189,0.071777,1
115,1.737091,0.223349,-0.102838,0.071984,1
116,1.752032,0.223371,-0.101164,0.072292,1
117,1.767226,0.221226,-0.098834,0.072686,1
118,1.782172,0.219240,-0.097087,0.073063,1
119,1.797229,0.219217,-0.096566,0.073373,1
120,1.812331,0.221264,-0.096516,0.073882,1
121,1.829678,0.224157,-0.096142,0.074707,1
122,1.842274,0.226752,-0.095376,0.075546,1
123,1.857455,0.228674,-0.094645,0.075889,1
124,1.872413,0.229114,-0.094071,0.075438,1
125,1.887457,0.228758,-0.093492,0.074473,1
126,1.902511,0.229299,-0.093030,0.073589,1
127,1.917504,0.231048,-0.092833,0.073238,1
128,1.932568,0.233133,-0.093271,0.073390,1
129,1.947542,0.235225,-0.094158,0.074002,1
130,1.962762,0.237155,-0.094950,0.074684,1
131,1.977629,0.237997,-0.095417,0.075048,1
132,1.992902,0.238024,-0.095801,0.074756,1
133,2.007888,0.238150,-0.096171,0.073851,1
134,2.022961,0.238615,-0.096618,0.072838,1
135,2.037939,0.239282,-0.097099,0.072187,1
136,2.052903,0.240195,-0.097354,0.071571,1
137,2.067860,0.241433,-0.097148,0.070719,1
138,2.083200,0.242842,-0.096614,0.069979,1
139,2.098144,0.243827,-0.096102,0.069618,1
140,2.113143,0.244897,-0.095825,0.069603,1
141,2.128260,0.246320,-0.095742,0.069712,1
142,2.143128,0.247516,-0.095631,0.069828,1
143,2.158195,0.248434,-0.095328,0.070306,1
144,2.173307,0.249778,-0.094343,0.071154,1
145,2.188387,0.250860,-0.092642,0.072092,1
146,2.203386,0.251263,-0.090797,0.072831,1
147,2.218385,0.252370,-0.089085,0.072994,1
148,2.233552,0.254637,-0.087408,0.072530,1
149,2.248559,0.257271,-0.085857,0.071772,1
150,2.263561,0.258855,-0.084886,0.071318,1
151,2.278695,0.259551,-0.084418,0.071316,1
152,2.293757,0.260580,-0.084155,0.071413,1
153,2.308972,0.261832,-0.083998,0.071703,1
154,2.323768,0.262988,-0.083732,0.072095,1
155,2.338747,0.264360,-0.083064,0.072194,1
156,2.353930,0.266090,-0.082198,0.072222,1
157,2.368857,0.267594,-0.081389,0.072752,1
158,2.384016,0.268445,-0.080442,0.073793,1
159,2.398961,0.269039,-0.079230,0.074867,1
160,2.414128,0.269725,-0.077899,0.075742,1
161,2.429153,0.271002,-0.077033,0.076135,1
162,2.444279,0.272901,-0.077152,0.075989,1
163,2.459171,0.274911,-0.078387,0.075675,1
164,2.474308,0.275917,-0.080228,0.075188,1
165,2.489868,0.275835,-0.082047,0.074173,1
166,2.504306,0.275056,-0.084163,0.072723,1
167,2.519218,0.274315,-0.087047,0.071384,1
168,2.534391,0.273983,-0.090324,0.070487,1
169,2.549446,0.273161,-0.094255,0.069593,1
170,2.564653,0.272788,-0.098660,0.068353,1
171,2.579494,0.273810,-0.102439,0.066836,1
172,2.594679,0.275544,-0.104566,0.065326,1
173,2.609688,0.276076,-0.104783,0.064302,1
174,2.624786,0.274459,-0.103779,0.063929,1
175,2.639715,0.271652,-0.102386,0.064029,1
176,2.654840,0.269506,-0.101200,0.064287,1
177,2.669880,0.267806,-0.100767,0.064439,1
178,2.684821,0.268508,-0.101521,0.064075,1
179,2.699871,0.270371,-0.103579,0.063439,1
180,2.714936,0.271899,-0.106625,0.063167,1
181,2.730049,0.272993,-0.109848,0.063330,1
182,2.745104,0.273997,-0.112417,0.063828,1
183,2.760143,0.275198,-0.114015,0.064115,1
184,2.775125,0.275886,-0.114892,0.063536,1
185,2.790148,0.275002,-0.115866,0.062308,1
186,2.805258,0.273223,-0.117351,0.061035,1
187,2.820300,0.271751,-0.118679,0.060023,1
188,2.835389,0.271926,-0.118948,0.059321,1
189,2.850349,0.273197,-0.118184,0.058522,1
190,2.865449,0.275857,-0.117341,0.057805,1
191,2.880381,0.278880,-0.117271,0.057595,1
192,2.895525,0.280595,-0.118014,0.058045,1
193,2.910567,0.281904,-0.118948,0.058451,1
194,2.925560,0.282831,-0.119735,0.058431,1
195,2.940616,0.283140,-0.120396,0.058305,1
196,2.955613,0.283130,-0.120790,0.058602,1
197,2.970714,0.282993,-0.120431,0.059549,1
198,2.985823,0.282835,-0.119121,0.060371,1
199,3.000670,0.282738,-0.117254,0.060259,1
200,3.015785,0.282654,-0.115739,0.059353,1
201,3.030880,0.283254,-0.115746,0.058415,1
202,3.045956,0.285306,-0.117513,0.058139,1
203,3.061101,0.287986,-0.120260,0.058851,1
204,3.076132,0.290171,-0.122908,0.060119,1
205,3.091217,0.291334,-0.124862,0.061334,1
206,3.106296,0.292104,-0.126211,0.062128,1
207,3.121122,0.292375,-0.127086,0.062683,1
208,3.136272,0.291917,-0.127539,0.063413,1
209,3.151385,0.291299,-0.127460,0.063940,1
210,3.166295,0.290078,-0.127062,0.063851,1
211,3.181477,0.289192,-0.126625,0.063172,1
212,3.196418,0.290001,-0.126140,0.062034,1
213,3.211449,0.291459,-0.125872,0.061020,1
214,3.226521,0.292915,-0.125944,0.060570,1
215,3.241384,0.294368,-0.125959,0.060822,1
216,3.256642,0.296092,-0.125496,0.061558,1
217,3.271646,0.298382,-0.124462,0.062410,1
218,3.286700,0.300205,-0.123068,0.063121,1
219,3.301657,0.300475,-0.121527,0.063590,1
220,3.316679,0.300106,-0.119915,0.063695,1
221,3.331764,0.300601,-0.118511,0.063524,1
222,3.346824,0.302448,-0.117629,0.063394,1
223,3.361782,0.304843,-0.117107,0.063462,1
224,3.376890,0.306651,-0.116921,0.063474,1
225,3.391864,0.307295,-0.116931,0.063336,1
226,3.407030,0.307212,-0.116968,0.062641,1
227,3.422113,0.306112,-0.117061,0.061300,1
228,3.437155,0.303773,-0.117273,0.059587,1
229,3.452325,0.301750,-0.117153,0.057906,1
230,3.467266,0.300986,-0.116285,0.056609,1
231,3.482197,0.300667,-0.115255,0.055774,1
232,3.497302,0.300632,-0.114962,0.055104,1
233,3.512247,0.300892,-0.115704,0.054342,1
234,3.527457,0.301340,-0.117113,0.053555,1
235,3.542382,0.301030,-0.118671,0.052572,1
236,3.557530,0.300336,-0.119799,0.051198,1
237,3.572410,0.300336,-0.119988,0.049796,1
238,3.587597,0.300402,-0.119399,0.049101,1
239,3.602580,0.299420,-0.118001,0.049500,1
240,3.617688,0.297870,-0.115475,0.050363,1
241,3.632690,0.296850,-0.111956,0.050323,1
242,3.647867,0.295247,-0.107779,0.048972,1
243,3.662766,0.291943,-0.103560,0.046732,1
244,3.677904,0.287398,-0.099798,0.044335,1
245,3.692816,0.284675,-0.096639,0.042036,1
246,3.708133,0.284572,-0.094549,0.039911,1
247,3.722944,0.285421,-0.094089,0.038233,1
248,3.738146,0.286208,-0.094948,0.037142,1
249,3.753064,0.286285,-0.096681,0.036407,1
250,3.768229,0.285326,-0.098936,0.035658,1
251,3.783053,0.284518,-0.100978,0.034765,1
252,3.798336,0.284298,-0.101959,0.033405,1
253,3.813220,0.283520,-0.101473,0.031833,1
254,3.828378,0.281855,-0.099603,0.030481,1
255,3.843373,0.279932,-0.096233,0.029881,1
256,3.858459,0.278255,-0.091900,0.029937,1
257,3.873281,0.276852,-0.087821,0.030111,1
258,3.888594,0.276325,-0.085366,0.030147,1
259,3.903632,0.277646,-0.085425,0.029740,1
260,3.918541,0.280628,-0.087916,0.028789,1
261,3.933545,0.283733,-0.092013,0.027515,1
262,3.948606,0.285797,-0.096599,0.026381,1
263,3.963650,0.287273,-0.100567,0.025484,1
264,3.978766,0.288587,-0.103224,0.024592,1
265,3.993839,0.289467,-0.104968,0.023484,1
266,4.008813,0.289797,-0.106374,0.022148,1
267,4.023723,0.289049,-0.107030,0.020651,1
268,4.038927,0.287566,-0.106739,0.018846,1
269,4.053986,0.286679,-0.105811,0.016971,1
270,4.068996,0.287460,-0.104398,0.015631,1
271,4.084030,0.289200,-0.102609,0.015111,1
272,4.099085,0.291140,-0.100438,0.015375,1
273,4.114092,0.292281,-0.097917,0.015994,1
274,4.129244,0.291914,-0.095355,0.016428,1
275,4.144203,0.291132,-0.092634,0.016575,1
276,4.159321,0.291143,-0.089423,0.016639,1
277,4.174416,0.291587,-0.086009,0.016602,1
278,4.189481,0.292370,-0.082841,0.016452,1
279,4.204396,0.293359,-0.079838,0.016117,1
280,4.219433,0.293585,-0.076713,0.015777,1
281,4.234502,0.292987,-0.073320,0.015303,1
282,4.249489,0.291959,-0.069613,0.014309,1
283,4.264579,0.290214,-0.065816,0.013087,1
284,4.279598,0.288080,-0.062168,0.011941,1
285,4.294616,0.286779,-0.058903,0.010448,1
286,4.309836,0.287089,-0.056528,0.008429,1
287,4.324733,0.288824,-0.055260,0.006573,1
288,4.339838,0.291012,-0.055077,0.005302,1
289,4.354951,0.293163,-0.055081,0.004807,1
290,4.369961,0.294469,-0.054021,0.005250,1
291,4.384852,0.294207,-0.051505,0.005854,1
292,4.400005,0.293456,-0.048168,0.005346,1
293,4.415047,0.293268,-0.044852,0.003301,1
294,4.430020,0.293679,-0.042024,0.000227,1
295,4.445182,0.293844,-0.039196,-0.002529,1
296,4.460144,0.294111,-0.035745,-0.004027,1
297,4.475180,0.295100,-0.032496,-0.004045,1
298,4.490844,0.297311,-0.030760,-0.003403,1
299,4.505350,0.300807,-0.031423,-0.003641,1
300,4.520365,0.304431,-0.034949,-0.005422,1
301,4.535420,0.307100,-0.040860,-0.008023,1
302,4.550482,0.309510,-0.047928,-0.010346,1
303,4.565444,0.312481,-0.054406,-0.011270,1
304,4.580642,0.315806,-0.058166,-0.010453,1
305,4.595607,0.318629,-0.058658,-0.009030,1
306,4.610666,0.320345,-0.056875,-0.008389,1
307,4.625816,0.319609,-0.053925,-0.009578,1
308,4.640837,0.315250,-0.050509,-0.013109,1
309,4.655777,0.309311,-0.047740,-0.018279,1
310,4.670829,0.304499,-0.045475,-0.022886,1
311,4.685855,0.301242,-0.042596,-0.025643,1
312,4.700986,0.298344,-0.039064,-0.027047,1
313,4.715917,0.295895,-0.035219,-0.028181,1
314,4.731009,0.294351,-0.031514,-0.029913,1
315,4.746009,0.292501,-0.029023,-0.032443,1
316,4.761128,0.290878,-0.028580,-0.035394,1
317,4.776077,0.290765,-0.029489,-0.037548,1
318,4.791252,0.292317,-0.030391,-0.037711,1
319,4.806132,0.294863,-0.030777,-0.035943,1
320,4.821366,0.297494,-0.030630,-0.033337,1
321,4.836326,0.299545,-0.030361,-0.031154,1
322,4.851296,0.300719,-0.030670,-0.029449,1
323,4.866373,0.301330,-0.031753,-0.027851,1
324,4.881443,0.301833,-0.032916,-0.026180,1
325,4.896523,0.302280,-0.033557,-0.024068,1
326,4.911591,0.303128,-0.032904,-0.021137,1
327,4.926490,0.304509,-0.030416,-0.018181,1
328,4.941704,0.304180,-0.027112,-0.016164,1
329,4.956640,0.301104,-0.024210,-0.015280,1
330,4.971758,0.296821,-0.022954,-0.015309,1
331,4.986904,0.293539,-0.023832,-0.015749,1
332,5.001823,0.292456,-0.025886,-0.015951,1
333,5.016818,0.292756,-0.027549,-0.015889,1
334,5.031945,0.292549,-0.028074,-0.016059,1
335,5.046856,0.290908,-0.027651,-0.017090,1
336,5.062022,0.287926,-0.026884,-0.019041,1
337,5.077230,0.283967,-0.026001,-0.021219,1
338,5.092122,0.279372,-0.024863,-0.023372,1
339,5.106998,0.275155,-0.023869,-0.025495,1
340,5.122200,0.273073,-0.023875,-0.027155,1
341,5.137255,0.273196,-0.025631,-0.028032,1
342,5.152330,0.273945,-0.029090,-0.028139,1
343,5.167242,0.274420,-0.033054,-0.027611,1
344,5.182389,0.273683,-0.035647,-0.026924,1
345,5.197415,0.271107,-0.035709,-0.026876,1
346,5.212411,0.267568,-0.033287,-0.027936,1
347,5.227473,0.265387,-0.029489,-0.029845,1
348,5.242653,0.265158,-0.025929,-0.031800,1
349,5.257525,0.266253,-0.022983,-0.033208,1
350,5.272716,0.267242,-0.019956,-0.034649,1
351,5.287679,0.266697,-0.017270,-0.036832,1
352,5.302745,0.263405,-0.015267,-0.039552,1
353,5.317702,0.258846,-0.013945,-0.042666,1
354,5.332815,0.255189,-0.013146,-0.046167,1
355,5.347742,0.253267,-0.012353,-0.049379,1
356,5.362907,0.252712,-0.010548,-0.051378,1
357,5.377922,0.251484,-0.006477,-0.051939,1
358,5.392944,0.247299,-0.000957,-0.052159,1
359,5.407941,0.239892,0.004486,-0.052949,1
360,5.423166,0.231963,0.008992,-0.054092,1
361,5.438041,0.227246,0.012015,-0.054922,1
362,5.453172,0.225789,0.013424,-0.055052,1
363,5.468106,0.224753,0.013137,-0.054517,1
364,5.483504,0.223523,0.011329,-0.053109,1
365,5.498254,0.222830,0.008960,-0.050816,1
366,5.513490,0.223079,0.007177,-0.048197,1
367,5.528383,0.225346,0.005964,-0.045981,1
368,5.543418,0.230077,0.004648,-0.043862,1
369,5.558451,0.236074,0.002811,-0.041829,1
370,5.573542,0.241357,-0.000142,-0.040600,1
371,5.588554,0.244391,-0.004738,-0.040084,1
372,5.603712,0.244701,-0.010546,-0.039498,1
373,5.618641,0.244052,-0.016558,-0.038279,1
374,5.633727,0.245933,-0.021184,-0.036274,1
375,5.648703,0.250391,-0.023747,-0.034555,1
376,5.663838,0.254575,-0.025393,-0.034118,1
377,5.678875,0.257290,-0.027437,-0.034897,1
378,5.693939,0.258106,-0.030089,-0.036309,1
379,5.708831,0.257431,-0.033162,-0.038034,1
380,5.723947,0.256744,-0.036472,-0.039416,1
381,5.739027,0.256787,-0.039408,-0.039864,1
382,5.754063,0.256417,-0.041199,-0.039452,1
383,5.769099,0.255206,-0.041130,-0.038761,1
384,5.784183,0.253778,-0.039154,-0.038375,1
385,5.799295,0.253638,-0.036429,-0.038544,1
386,5.814248,0.254489,-0.034495,-0.039105,1
387,5.829307,0.254111,-0.033463,-0.039709,1
388,5.844399,0.250482,-0.033362,-0.040464,1
389,5.859506,0.244470,-0.034906,-0.041455,1
390,5.874516,0.238778,-0.037204,-0.042078,1
391,5.889591,0.235922,-0.038671,-0.042001,1
392,5.904630,0.236110,-0.039061,-0.041432,1
393,5.919626,0.238031,-0.038961,-0.040426,1
394,5.934629,0.240927,-0.038471,-0.038880,1
395,5.949714,0.244280,-0.036963,-0.037044,1
396,5.964716,0.245406,-0.033924,-0.036215,1
397,5.979637,0.243208,-0.030522,-0.037635,1
398,5.994838,0.240461,-0.028663,-0.039967,1
399,6.009793,0.240073,-0.028596,-0.041164,1
400,6.024948,0.242407,-0.030085,-0.040627,1
401,6.039861,0.245808,-0.032409,-0.038876,1
402,6.055097,0.249393,-0.034389,-0.036876,1
403,6.069977,0.251199,-0.035234,-0.035746,1
404,6.085101,0.250581,-0.034809,-0.036312,1
405,6.100143,0.249909,-0.034122,-0.037658,1
406,6.115217,0.250837,-0.034338,-0.038311,1
407,6.130070,0.252819,-0.035269,-0.037767,1
408,6.145251,0.255413,-0.035560,-0.036419,1
409,6.160278,0.258190,-0.034675,-0.035122,1
410,6.175362,0.259910,-0.032988,-0.034574,1
411,6.190226,0.260203,-0.031228,-0.035064,1
412,6.205494,0.260178,-0.030058,-0.035997,1
413,6.220444,0.260517,-0.029808,-0.036679,1
414,6.235552,0.261274,-0.030384,-0.036912,1
415,6.250562,0.262669,-0.031493,-0.036738,1
416,6.265603,0.263646,-0.032926,-0.036580,1
417,6.280704,0.263871,-0.034324,-0.036601,1
418,6.295738,0.264420,-0.035481,-0.036651,1
419,6.310676,0.265447,-0.036484,-0.036519,1
420,6.326012,0.266092,-0.037778,-0.036432,1
421,6.340914,0.266223,-0.039286,-0.036165,1
422,6.355860,0.266200,-0.040501,-0.035433,1
423,6.370738,0.265499,-0.041177,-0.034865,1
424,6.385989,0.262928,-0.041403,-0.035432,1
425,6.400932,0.259366,-0.041126,-0.036996,1
426,6.416095,0.255912,-0.040150,-0.038356,1
427,6.431063,0.252766,-0.038457,-0.039156,1
428,6.446159,0.248720,-0.036075,-0.040494,1
429,6.461242,0.243105,-0.033676,-0.043032,1
430,6.476231,0.236358,-0.032505,-0.046340,1
431,6.491849,0.229071,-0.033023,-0.049714,1
432,6.506351,0.221986,-0.035020,-0.052797,1
433,6.521402,0.216180,-0.037439,-0.055517,1
434,6.536541,0.210992,-0.039595,-0.057826,1
435,6.551396,0.205731,-0.041863,-0.059506,1
436,6.566544,0.201230,-0.044672,-0.060852,1
437,6.581574,0.197304,-0.047552,-0.062170,1
438,6.596586,0.192775,-0.049968,-0.063507,1
439,6.611593,0.187936,-0.051739,-0.064641,1
440,6.626680,0.184477,-0.052819,-0.065208,1
441,6.641852,0.182611,-0.053428,-0.065192,1
442,6.656835,0.181575,-0.054067,-0.064953,1
443,6.671768,0.180461,-0.055194,-0.064722,1
444,6.686891,0.178658,-0.056547,-0.064536,1
445,6.701973,0.177353,-0.057612,-0.064155,1
446,6.717023,0.176760,-0.058000,-0.063461,1
447,6.731853,0.176352,-0.058122,-0.062708,1
448,6.747065,0.176602,-0.058891,-0.061749,1
449,6.762056,0.177249,-0.060051,-0.060459,1
450,6.777077,0.177730,-0.060457,-0.059336,1
451,6.792268,0.178273,-0.059437,-0.058395,1
452,6.807224,0.178297,-0.057485,-0.057946,1
453,6.822289,0.178213,-0.055820,-0.057955,1
454,6.837411,0.179335,-0.055191,-0.057601,1
455,6.852306,0.180591,-0.055431,-0.056982,1
456,6.867538,0.180958,-0.056000,-0.056491,1
457,6.882621,0.180778,-0.056426,-0.055990,1
458,6.897500,0.181951,-0.056473,-0.055332,1
459,6.912471,0.184072,-0.055749,-0.054588,1
460,6.927597,0.185648,-0.054500,-0.054182,1
461,6.942652,0.187427,-0.053450,-0.053932,1
462,6.957641,0.189162,-0.053189,-0.053604,1
463,6.972584,0.189898,-0.053852,-0.053565,1
464,6.987849,0.189826,-0.055020,-0.053606,1
465,7.002710,0.190498,-0.055995,-0.053077,1
466,7.017915,0.192495,-0.056592,-0.051837,1
467,7.032848,0.193225,-0.056367,-0.050739,1
468,7.048016,0.192037,-0.055512,-0.050669,1
469,7.063013,0.191379,-0.054674,-0.050872,1
470,7.078027,0.192637,-0.053997,-0.050511,1
471,7.093047,0.193568,-0.053503,-0.049785,1
472,7.108186,0.194059,-0.053256,-0.049095,1
473,7.123263,0.195633,-0.053310,-0.048249,1
474,7.138309,0.197834,-0.053780,-0.047455,1
475,7.153277,0.197955,-0.053967,-0.047359,1
476,7.168315,0.195309,-0.052988,-0.048482,1
477,7.183495,0.192555,-0.051340,-0.050118,1
478,7.198498,0.191318,-0.049909,-0.051512,1
479,7.213376,0.191045,-0.049302,-0.052506,1
480,7.228571,0.190098,-0.049464,-0.053350,1
481,7.243570,0.188717,-0.049670,-0.054244,1
482,7.258586,0.187083,-0.049732,-0.054831,1
483,7.273537,0.185830,-0.049910,-0.055116,1
484,7.288726,0.185673,-0.050488,-0.055221,1
485,7.303911,0.185790,-0.050922,-0.055235,1
486,7.318859,0.184572,-0.050332,-0.055677,1
487,7.334056,0.181681,-0.049232,-0.056686,1
488,7.348837,0.178069,-0.048478,-0.057570,1
489,7.364105,0.175046,-0.048297,-0.058111,1
490,7.379023,0.172924,-0.048686,-0.058173,1
491,7.394030,0.170625,-0.049806,-0.058126,1
492,7.409128,0.167869,-0.051443,-0.058174,1
493,7.424032,0.164704,-0.053244,-0.058348,1
494,7.439191,0.161518,-0.055087,-0.058741,1
495,7.454198,0.158231,-0.056809,-0.059461,1
496,7.469266,0.155290,-0.058435,-0.060412,1
497,7.484298,0.154356,-0.059633,-0.061027,1
498,7.499384,0.155632,-0.060333,-0.060922,1
499,7.514464,0.157858,-0.060615,-0.060268,1
500,7.529513,0.160368,-0.060431,-0.059375,1
501,7.544470,0.161528,-0.059477,-0.058782,1
502,7.559543,0.160776,-0.057802,-0.059568,1
503,7.574482,0.159038,-0.055836,-0.061302,1
504,7.589655,0.157537,-0.053778,-0.062943,1
505,7.604661,0.157312,-0.052111,-0.063881,1
506,7.619748,0.158467,-0.051069,-0.063625,1
507,7.634679,0.159623,-0.050606,-0.063020,1
508,7.650112,0.159937,-0.050554,-0.062862,1
509,7.664914,0.160292,-0.050589,-0.062886,1
510,7.679931,0.161218,-0.050713,-0.062427,1
511,7.694844,0.162397,-0.051089,-0.061416,1
512,7.710050,0.162651,-0.051421,-0.060761,1
513,7.725074,0.161992,-0.051559,-0.060838,1
514,7.740201,0.161310,-0.051623,-0.061047,1
515,7.755065,0.161054,-0.051540,-0.060678,1
516,7.770222,0.161231,-0.051405,-0.059613,1
517,7.785320,0.162299,-0.051410,-0.058104,1
518,7.800404,0.164221,-0.051560,-0.056385,1
519,7.815336,0.164971,-0.051293,-0.055216,1
520,7.830422,0.162835,-0.050637,-0.055465,1
521,7.845335,0.158924,-0.049781,-0.056931,1
522,7.860431,0.155508,-0.048758,-0.058695,1
523,7.875528,0.154409,-0.047884,-0.059683,1
524,7.890633,0.154923,-0.047230,-0.059808,1
525,7.905602,0.154685,-0.046567,-0.060000,1
526,7.920561,0.153185,-0.046022,-0.060682,1
527,7.935637,0.152075,-0.045894,-0.061120,1
528,7.950598,0.152106,-0.046489,-0.060999,1
529,7.965695,0.151487,-0.047247,-0.060931,1
530,7.980798,0.149039,-0.048330,-0.061116,1
531,7.995736,0.146294,-0.049674,-0.060790,1
532,8.010853,0.144958,-0.050985,-0.060064,1
533,8.025938,0.144573,-0.052052,-0.059042,1
534,8.040898,0.143946,-0.052752,-0.057882,1
535,8.056053,0.142508,-0.053002,-0.056440,1
536,8.071058,0.141064,-0.052910,-0.054901,1
537,8.086076,0.141246,-0.052935,-0.053559,1
538,8.101158,0.142426,-0.053068,-0.052389,1
539,8.116179,0.141686,-0.053137,-0.051985,1
540,8.131316,0.139247,-0.053420,-0.052203,1
541,8.146280,0.137231,-0.053757,-0.052158,1
542,8.161325,0.136636,-0.053808,-0.051457,1
543,8.176232,0.137589,-0.053863,-0.050708,1
544,8.191421,0.138894,-0.053962,-0.050230,1
545,8.206576,0.138719,-0.053660,-0.050113,1
546,8.221539,0.137475,-0.052828,-0.050418,1
547,8.236618,0.136495,-0.051727,-0.050499,1
548,8.251846,0.136785,-0.050741,-0.049883,1
549,8.266631,0.137753,-0.050045,-0.048983,1
550,8.281740,0.137716,-0.049613,-0.048611,1
551,8.296639,0.137064,-0.049416,-0.048589,1
552,8.311775,0.136754,-0.049455,-0.048579,1
553,8.326787,0.136408,-0.049778,-0.048872,1
554,8.341900,0.136064,-0.050358,-0.049458,1
555,8.356883,0.136550,-0.050882,-0.049810,1
556,8.372071,0.137895,-0.050804,-0.049597,1
557,8.386922,0.139213,-0.049882,-0.049481,1
558,8.402036,0.139868,-0.048422,-0.049774,1
559,8.416959,0.140729,-0.047065,-0.050081,1
560,8.432146,0.142007,-0.046267,-0.049833,1
561,8.447108,0.144062,-0.046200,-0.049094,1
562,8.462231,0.146373,-0.046713,-0.048448,1
563,8.477176,0.148255,-0.047428,-0.048185,1
564,8.492825,0.149217,-0.047840,-0.048073,1
565,8.507336,0.150077,-0.047892,-0.048082,1
566,8.522453,0.151912,-0.047915,-0.047986,1
567,8.537315,0.154819,-0.047822,-0.047689,1
568,8.552461,0.157410,-0.047291,-0.047379,1
569,8.567542,0.159252,-0.046880,-0.047344,1
570,8.582598,0.161549,-0.047307,-0.047078,1
571,8.597608,0.163941,-0.048331,-0.046164,1
572,8.612616,0.164443,-0.049736,-0.045257,1
573,8.627884,0.163326,-0.051374,-0.044502,1
574,8.642816,0.162303,-0.052864,-0.043426,1
575,8.657752,0.162089,-0.054385,-0.042189,1
576,8.672809,0.161337,-0.055964,-0.041314,1
577,8.687918,0.159189,-0.057457,-0.041142,1
578,8.702985,0.155947,-0.059052,-0.041667,1
579,8.717926,0.152924,-0.061373,-0.042225,1
580,8.733100,0.151035,-0.064413,-0.042445,1
581,8.748108,0.149875,-0.067343,-0.042537,1
582,8.763092,0.148658,-0.069565,-0.042880,1
583,8.778069,0.148139,-0.071075,-0.043498,1
584,8.793191,0.149031,-0.071745,-0.043896,1
585,8.808235,0.151021,-0.071878,-0.043885,1
586,8.823324,0.153132,-0.072001,-0.043542,1
587,8.838269,0.155228,-0.072315,-0.042671,1
588,8.853401,0.157815,-0.072861,-0.041197,1
589,8.868402,0.159222,-0.073496,-0.039678,1
590,8.883485,0.158489,-0.074454,-0.039156,1
591,8.898471,0.156572,-0.075934,-0.039154,1
592,8.913604,0.154187,-0.077374,-0.038435,1
593,8.928912,0.151382,-0.077771,-0.036821,1
594,8.943689,0.148675,-0.077066,-0.035176,1
595,8.958660,0.146005,-0.076353,-0.033701,1
596,8.973741,0.142557,-0.076904,-0.032301,1
597,8.988825,0.138450,-0.079782,-0.031049,1
598,9.003936,0.134079,-0.085096,-0.029613,1
599,9.018686,0.130808,-0.091651,-0.027574,1
600,9.033871,0.129799,-0.098050,-0.025041,1
601,9.048872,0.128982,-0.102986,-0.022380,1
602,9.064156,0.126348,-0.105640,-0.020710,1
603,9.079007,0.122543,-0.106127,-0.020568,1
604,9.094238,0.118624,-0.104918,-0.021185,1
605,9.109202,0.115232,-0.102329,-0.021451,1
606,9.124247,0.114166,-0.098483,-0.020948,1
607,9.139218,0.115048,-0.093371,-0.019131,1
608,9.154207,0.115574,-0.087680,-0.016111,1
609,9.169227,0.114977,-0.082600,-0.012118,1
610,9.184531,0.114997,-0.078747,-0.006991,1
611,9.199284,0.117313,-0.076378,-0.001482,1
612,9.214709,0.121746,-0.075964,0.002938,1
613,9.229697,0.126621,-0.078499,0.006024,1
614,9.244636,0.129567,-0.084219,0.008528,1
615,9.259575,0.128435,-0.091691,0.011567,1
616,9.274625,0.123664,-0.098765,0.014654,1
617,9.289822,0.117385,-0.104025,0.016388,1
618,9.304783,0.110648,-0.107524,0.016216,1
619,9.319732,0.103420,-0.110458,0.014027,1
620,9.334800,0.095311,-0.114342,0.010378,1
621,9.349920,0.087707,-0.118874,0.006718,1
622,9.364943,0.081811,-0.122261,0.003562,1
623,9.379854,0.075496,-0.123091,0.000178,1
624,9.394990,0.067023,-0.121639,-0.004123,1
625,9.410094,0.057290,-0.118886,-0.009169,1
626,9.425084,0.048330,-0.115760,-0.013797,1
627,9.440037,0.041220,-0.112866,-0.017401,1
628,9.455242,0.036106,-0.110699,-0.020457,1
629,9.470314,0.032458,-0.109876,-0.022980,1
630,9.485312,0.030117,-0.110533,-0.024612,1
631,9.500271,0.029311,-0.111818,-0.024927,1
632,9.516413,0.029882,-0.112515,-0.023919,1
633,9.530404,0.031614,-0.112020,-0.022408,1
634,9.545558,0.032273,-0.110094,-0.021901,1
635,9.560454,0.028856,-0.107089,-0.023359,1
636,9.575599,0.021721,-0.103781,-0.026076,1
637,9.590576,0.014519,-0.100485,-0.028407,1
638,9.605582,0.010547,-0.097812,-0.030216,1
639,9.620516,0.009675,-0.096602,-0.031755,1
640,9.635716,0.011239,-0.097696,-0.032802,1
641,9.650716,0.013933,-0.101513,-0.032716,1
642,9.665798,0.015444,-0.107213,-0.031744,1
643,9.680814,0.014029,-0.113818,-0.031533,1
644,9.695983,0.010007,-0.121093,-0.032739,1
645,9.711063,0.005754,-0.128031,-0.034288,1
646,9.726054,0.002981,-0.133328,-0.034942,1
647,9.741014,0.001106,-0.136525,-0.034611,1
648,9.756439,-0.000405,-0.137869,-0.033724,1
649,9.772386,-0.001634,-0.137742,-0.032268,1
650,9.786195,-0.001811,-0.136133,-0.030110,1
651,9.801289,-0.001330,-0.133298,-0.027709,1
652,9.816294,-0.001144,-0.130222,-0.026050,1
653,9.831625,-0.000203,-0.127776,-0.025457,1
654,9.846352,0.001480,-0.126472,-0.025063,1
655,9.861523,0.003837,-0.125815,-0.023598,1
656,9.876511,0.007546,-0.124926,-0.020603,1
657,9.891438,0.012786,-0.123246,-0.016607,1
658,9.906557,0.019417,-0.120786,-0.012343,1
659,9.921625,0.027206,-0.117941,-0.008432,1
660,9.936671,0.034383,-0.115395,-0.005786,1
661,9.951735,0.039927,-0.113850,-0.004793,1
662,9.966756,0.043325,-0.113264,-0.004759,1
663,9.981848,0.045023,-0.113163,-0.004660,1
664,9.996959,0.047185,-0.112355,-0.003886,1
665,10.014272,0.051471,-0.110730,-0.002509,1
666,10.027365,0.058691,-0.108972,-0.000694,1
667,10.041916,0.067050,-0.107156,0.001283,1
668,10.057062,0.073879,-0.105271,0.003271,1
669,10.072086,0.079098,-0.103582,0.005291,1
670,10.087152,0.084320,-0.102329,0.007158,1
671,10.101979,0.090364,-0.102167,0.008755,1
672,10.117283,0.097255,-0.102959,0.009906,1
673,10.132236,0.103161,-0.104279,0.010559,1
674,10.147258,0.108184,-0.105873,0.010805,1
675,10.162281,0.112861,-0.107756,0.010682,1
676,10.177392,0.116678,-0.110244,0.010262,1
677,10.192332,0.119386,-0.113815,0.009809,1
678,10.207513,0.121451,-0.118392,0.009788,1
679,10.222517,0.123961,-0.123257,0.010035,1
680,10.237634,0.126226,-0.127719,0.010008,1
681,10.252533,0.126892,-0.131459,0.009628,1
682,10.267663,0.125493,-0.134190,0.009439,1
683,10.282611,0.122128,-0.135710,0.009544,1
684,10.297893,0.118614,-0.136739,0.009287,1
685,10.312923,0.116881,-0.138425,0.008558,1
686,10.327884,0.117274,-0.141048,0.007889,1
687,10.342936,0.118928,-0.143860,0.007748,1
688,10.357900,0.120220,-0.146248,0.008301,1
689,10.372876,0.120693,-0.147631,0.009558,1
690,10.388023,0.119737,-0.147627,0.011173,1
691,10.403085,0.117945,-0.146831,0.012294,1
692,10.418119,0.117062,-0.146298,0.012449,1
693,10.433229,0.117251,-0.146883,0.012034,1
694,10.448285,0.117306,-0.148530,0.011607,1
695,10.463157,0.116998,-0.149997,0.011628,1
696,10.478408,0.117208,-0.150586,0.011862,1
697,10.493713,0.117622,-0.150237,0.011996,1
698,10.508370,0.117331,-0.149344,0.011845,1
699,10.523414,0.116405,-0.148121,0.011548,1
700,10.538482,0.115613,-0.146584,0.011249,1
701,10.553489,0.114825,-0.145082,0.011093,1
702,10.568544,0.113775,-0.144251,0.011217,1
703,10.583506,0.112581,-0.144243,0.011804,1
704,10.598796,0.111663,-0.144335,0.013041,1
705,10.613847,0.111139,-0.143656,0.014796,1
706,10.628847,0.110043,-0.141942,0.016456,1
707,10.643703,0.107821,-0.139795,0.017386,1
708,10.658893,0.105625,-0.137809,0.017340,1
709,10.673884,0.105071,-0.136128,0.016825,1
710,10.688924,0.105464,-0.134854,0.016564,1
711,10.703838,0.105371,-0.134006,0.016408,1
712,10.719070,0.104882,-0.133269,0.015795,1
713,10.733975,0.104365,-0.132395,0.014699,1
714,10.749206,0.104014,-0.131108,0.013715,1
715,10.764261,0.102248,-0.129025,0.013321,1
716,10.779229,0.097296,-0.125665,0.013326,1
717,10.794236,0.091204,-0.120596,0.012852,1
718,10.809232,0.087757,-0.114589,0.011428,1
719,10.824236,0.088222,-0.109951,0.009662,1
720,10.839369,0.090876,-0.108671,0.008377,1
721,10.854393,0.094114,-0.110949,0.008067,1
722,10.869401,0.097001,-0.115509,0.008954,1
723,10.884371,0.098758,-0.120274,0.011230,1
724,10.899547,0.099559,-0.122917,0.014547,1
725,10.914434,0.099972,-0.122276,0.017652,1
726,10.929589,0.100232,-0.119137,0.019406,1
727,10.944790,0.099420,-0.115096,0.019777,1
728,10.959769,0.098575,-0.111561,0.019092,1
729,10.974754,0.099782,-0.109522,0.018072,1
730,10.989861,0.102401,-0.109060,0.018219,1
731,11.004830,0.104546,-0.109578,0.019763,1
732,11.019942,0.104870,-0.110071,0.021860,1
733,11.034909,0.103127,-0.109383,0.023661,1
734,11.049953,0.100432,-0.106952,0.024381,1
735,11.064989,0.097302,-0.103214,0.023983,1
736,11.080134,0.094882,-0.098927,0.022964,1
737,11.095345,0.094026,-0.094559,0.022172,1
738,11.110110,0.094876,-0.090500,0.021767,1
739,11.125445,0.096772,-0.087194,0.021340,1
740,11.140370,0.099077,-0.085171,0.020656,1
741,11.155484,0.101324,-0.084802,0.020116,1
742,11.170463,0.102872,-0.085534,0.020436,1
743,11.185593,0.103774,-0.085989,0.021499,1
744,11.200424,0.104110,-0.085534,0.022621,1
745,11.215722,0.103603,-0.084502,0.023309,1
746,11.230689,0.102423,-0.083207,0.023576,1
747,11.245523,0.101287,-0.081287,0.023738,1
748,11.260695,0.100520,-0.078656,0.023930,1
749,11.275760,0.099947,-0.075908,0.024296,1
750,11.290818,0.100606,-0.073911,0.024870,1
751,11.305811,0.102110,-0.073503,0.025730,1
752,11.320818,0.103321,-0.074160,0.026804,1
753,11.335744,0.103925,-0.074541,0.027362,1
754,11.350992,0.103716,-0.073739,0.027098,1
755,11.365871,0.103399,-0.071698,0.026257,1
756,11.381043,0.103496,-0.069401,0.025142,1
757,11.396209,0.103524,-0.068019,0.024146,1
758,11.411052,0.103552,-0.067758,0.023386,1
759,11.426142,0.103803,-0.068257,0.022761,1
760,11.441252,0.103924,-0.068778,0.022253,1
761,11.456320,0.103702,-0.068514,0.022227,1
762,11.471313,0.103257,-0.066806,0.022522,1
763,11.486284,0.102266,-0.063649,0.022285,1
764,11.501320,0.100745,-0.059712,0.021549,1
765,11.516311,0.098970,-0.055871,0.021217,1
766,11.531507,0.097672,-0.052883,0.021624,1
767,11.546428,0.096909,-0.050896,0.022314,1
768,11.561649,0.096149,-0.050061,0.022950,1
769,11.576688,0.095340,-0.050322,0.023822,1
770,11.591765,0.094525,-0.050930,0.025355,1
771,11.606643,0.093595,-0.050707,0.027342,1
772,11.621787,0.091762,-0.049433,0.028829,1
773,11.636762,0.089432,-0.048033,0.029339,1
774,11.651891,0.088296,-0.047795,0.029075,1
775,11.666766,0.088514,-0.049559,0.028594,1
776,11.682082,0.088925,-0.052992,0.028467,1
777,11.697101,0.089654,-0.056973,0.028734,1
778,11.712326,0.090708,-0.060566,0.029126,1
779,11.727084,0.091551,-0.063308,0.029700,1
780,11.742133,0.091665,-0.065247,0.030473,1
781,11.757307,0.090662,-0.066318,0.031274,1
782,11.772381,0.089254,-0.066208,0.032200,1
783,11.787110,0.088648,-0.064999,0.033148,1
784,11.802289,0.088287,-0.063015,0.033959,1
785,11.817380,0.087649,-0.060990,0.034261,1
786,11.834012,0.087198,-0.059507,0.034014,1
787,11.847358,0.087081,-0.058841,0.033566,1
788,11.862544,0.087192,-0.059056,0.033202,1
789,11.877481,0.087173,-0.060017,0.033175,1
790,11.892518,0.087216,-0.060791,0.033550,1
791,11.907503,0.087275,-0.060514,0.034007,1
792,11.922691,0.087083,-0.058999,0.034029,1
793,11.937660,0.086447,-0.056823,0.033564,1
794,11.952729,0.085744,-0.054933,0.032927,1
795,11.967724,0.085504,-0.053927,0.032351,1
796,11.982893,0.085505,-0.053837,0.031981,1
797,11.997806,0.085298,-0.054255,0.031838,1
798,12.012849,0.084747,-0.054613,0.031864,1
799,12.027843,0.083964,-0.054830,0.031891,1
800,12.043098,0.083232,-0.055205,0.031821,1
801,12.058155,0.082778,-0.055927,0.031758,1
802,12.073055,0.082392,-0.056937,0.031777,1
803,12.088107,0.081886,-0.057818,0.031938,1
804,12.103201,0.081405,-0.058476,0.032101,1
805,12.118205,0.081027,-0.059102,0.032211,1
806,12.133276,0.080814,-0.059579,0.032464,1
807,12.148164,0.080495,-0.059727,0.032900,1
808,12.163397,0.079917,-0.059403,0.033372,1
809,12.178427,0.079406,-0.058537,0.033618,1
810,12.193362,0.078979,-0.057405,0.033570,1
811,12.208423,0.078615,-0.056459,0.033404,1
812,12.223715,0.078113,-0.055925,0.033330,1
813,12.238541,0.077498,-0.055540,0.033470,1
814,12.253893,0.077023,-0.055126,0.033572,1
815,12.268633,0.076691,-0.054809,0.033472,1
816,12.283837,0.076590,-0.054916,0.033330,1
817,12.298732,0.076700,-0.055426,0.033438,1
818,12.313982,0.076366,-0.055809,0.033573,1
819,12.328841,0.075298,-0.055747,0.033135,1
820,12.344040,0.074312,-0.055227,0.032202,1
821,12.359025,0.074130,-0.054650,0.031276,1
822,12.373918,0.074472,-0.054453,0.030718,1
823,12.389050,0.074686,-0.054567,0.030667,1
824,12.404147,0.074588,-0.054720,0.030998,1
825,12.419060,0.074444,-0.054636,0.031561,1
826,12.434197,0.074539,-0.054376,0.032240,1
827,12.449121,0.075093,-0.054559,0.033153,1
828,12.464256,0.076186,-0.055573,0.034583,1
829,12.479220,0.077734,-0.057210,0.036490,1
830,12.494841,0.078983,-0.059101,0.038548,1
831,12.509365,0.079801,-0.060853,0.040281,1
832,12.524485,0.080607,-0.062043,0.041581,1
833,12.539525,0.081565,-0.062517,0.042457,1
834,12.554489,0.082776,-0.062239,0.043195,1
835,12.569494,0.083654,-0.061186,0.043979,1
836,12.584659,0.084372,-0.059570,0.044376,1
837,12.599784,0.085680,-0.057903,0.044415,1
838,12.614651,0.087539,-0.056620,0.044517,1
839,12.629774,0.089553,-0.055787,0.044767,1
840,12.644938,0.091185,-0.055094,0.045181,1
841,12.659760,0.092009,-0.054217,0.045710,1
842,12.674873,0.091687,-0.052972,0.045799,1
843,12.689962,0.091262,-0.051535,0.045341,1
844,12.705004,0.092105,-0.050478,0.044866,1
845,12.720015,0.094091,-0.050060,0.045036,1
846,12.735129,0.096380,-0.050218,0.045823,1
847,12.750099,0.098680,-0.050943,0.046515,1
848,12.765294,0.100632,-0.051987,0.046811,1
849,12.780259,0.101606,-0.052926,0.046606,1
850,12.795475,0.102537,-0.053274,0.046273,1
851,12.810297,0.104416,-0.052950,0.046381,1
852,12.825570,0.106932,-0.052224,0.046701,1
853,12.840505,0.109505,-0.051583,0.046721,1
854,12.855524,0.112391,-0.051161,0.046419,1
855,12.870449,0.115338,-0.051017,0.046066,1
856,12.885631,0.117970,-0.050851,0.045762,1
857,12.900652,0.120144,-0.050283,0.045068,1
858,12.915719,0.122235,-0.049431,0.044046,1
859,12.930659,0.124872,-0.048776,0.043365,1
860,12.945819,0.127754,-0.048705,0.043414,1
861,12.960809,0.130382,-0.049140,0.043959,1
862,12.975891,0.132678,-0.049581,0.044596,1
863,12.990929,0.134313,-0.049547,0.044897,1
864,13.006065,0.135148,-0.048573,0.044416,1
865,13.020889,0.136007,-0.046827,0.043617,1
866,13.036092,0.137685,-0.045147,0.043105,1
867,13.050988,0.139976,-0.044343,0.043102,1
868,13.066182,0.142385,-0.044669,0.043566,1
869,13.081154,0.144569,-0.045508,0.044286,1
870,13.096385,0.146232,-0.045863,0.044811,1
871,13.111249,0.147610,-0.045345,0.044755,1
872,13.126440,0.149170,-0.044127,0.044232,1
873,13.141378,0.150597,-0.042679,0.043534,1
874,13.156582,0.151230,-0.041583,0.042936,1
875,13.171504,0.151603,-0.041079,0.042666,1
876,13.186773,0.152425,-0.040973,0.042888,1
877,13.201572,0.153557,-0.040897,0.043567,1
878,13.216636,0.154593,-0.040629,0.044371,1
879,13.231678,0.155365,-0.040357,0.045041,1
880,13.246709,0.155432,-0.040247,0.045385,1
881,13.261786,0.154935,-0.040256,0.045644,1
882,13.276836,0.154658,-0.040346,0.046113,1
883,13.291760,0.154798,-0.040661,0.046736,1
884,13.306887,0.155386,-0.041005,0.047577,1
885,13.321941,0.156195,-0.040982,0.048574,1
886,13.336966,0.156662,-0.040221,0.049255,1
887,13.351892,0.156641,-0.038980,0.049093,1
888,13.367138,0.156465,-0.037920,0.048379,1
889,13.382077,0.156336,-0.037443,0.047907,1
890,13.397094,0.157108,-0.037384,0.047921,1
891,13.412460,0.158481,-0.037364,0.048324,1
892,13.427103,0.159322,-0.037152,0.048596,1
893,13.442207,0.159286,-0.036790,0.048112,1
894,13.457408,0.159279,-0.036338,0.047197,1
895,13.472305,0.159839,-0.035793,0.046688,1
896,13.487473,0.160184,-0.034778,0.046837,1
897,13.502472,0.159697,-0.033244,0.047289,1
898,13.517574,0.159167,-0.031753,0.047893,1
899,13.532556,0.159306,-0.030984,0.048685,1
900,13.547570,0.159729,-0.031204,0.049474,1
901,13.562666,0.159313,-0.031743,0.049871,1
902,13.577738,0.158023,-0.031768,0.049436,1
903,13.592618,0.156999,-0.031397,0.048443,1
904,13.607910,0.156754,-0.031132,0.047489,1
905,13.622918,0.157066,-0.031391,0.046873,1
906,13.638024,0.157466,-0.032184,0.046622,1
907,13.652998,0.157704,-0.033027,0.046809,1
908,13.667901,0.157647,-0.033279,0.047547,1
909,13.683038,0.157164,-0.032501,0.048573,1
910,13.698084,0.155694,-0.030674,0.049120,1
911,13.712983,0.153189,-0.028190,0.048604,1
912,13.728131,0.150586,-0.025631,0.047646,1
913,13.743251,0.149212,-0.023428,0.047065,1
914,13.758235,0.148958,-0.021980,0.046977,1
915,13.773223,0.149150,-0.021586,0.047173,1
916,13.788528,0.149559,-0.022477,0.047546,1
917,13.803304,0.149754,-0.024087,0.047892,1
918,13.818420,0.149181,-0.025744,0.047779,1
919,13.833726,0.148220,-0.026857,0.047441,1
920,13.848583,0.147399,-0.027184,0.047391,1
921,13.863546,0.146866,-0.027050,0.047462,1
922,13.878626,0.146681,-0.026803,0.047440,1
923,13.893565,0.146841,-0.026571,0.047373,1
924,13.908651,0.146976,-0.026479,0.047213,1
925,13.923721,0.147309,-0.026454,0.046926,1
926,13.938726,0.147900,-0.026598,0.046808,1
927,13.953684,0.148393,-0.027085,0.047142,1
928,13.968751,0.148616,-0.027586,0.047676,1
929,13.983828,0.148557,-0.027851,0.047826,1
930,13.998995,0.148502,-0.027814,0.047623,1
931,14.013954,0.148731,-0.027597,0.047388,1
932,14.028976,0.148939,-0.027390,0.047299,1
933,14.044165,0.148773,-0.027335,0.047033,1
934,14.059162,0.148378,-0.027582,0.046840,1
935,14.074041,0.148453,-0.028213,0.047026,1
936,14.089320,0.148884,-0.029120,0.047535,1
937,14.104312,0.149071,-0.029915,0.048301,1
938,14.119352,0.149289,-0.030163,0.048991,1
939,14.134240,0.149453,-0.029775,0.049506,1
940,14.149405,0.149624,-0.028936,0.049677,1
941,14.164427,0.149645,-0.028014,0.049727,1
942,14.179462,0.149675,-0.027536,0.050070,1
943,14.194518,0.149972,-0.027756,0.050550,1
944,14.209680,0.150541,-0.028439,0.051050,1
945,14.224595,0.151057,-0.029093,0.051781,1
946,14.239718,0.151192,-0.029330,0.052502,1
947,14.254680,0.151117,-0.029276,0.052702,1
948,14.269794,0.151335,-0.029191,0.052472,1
949,14.284802,0.151814,-0.029108,0.052376,1
950,14.299918,0.152196,-0.029025,0.052866,1
951,14.314855,0.152581,-0.028898,0.053687,1
952,14.330000,0.153165,-0.028745,0.054547,1
953,14.344890,0.153835,-0.028700,0.055100,1
954,14.360104,0.154143,-0.028452,0.055281,1
955,14.375003,0.154382,-0.027884,0.055074,1
956,14.390335,0.154484,-0.027363,0.054604,1
957,14.405317,0.154496,-0.027258,0.054080,1
958,14.420427,0.154696,-0.027496,0.053815,1
959,14.435201,0.155095,-0.027828,0.053910,1
960,14.450375,0.155441,-0.027854,0.054122,1
961,14.465387,0.155808,-0.027529,0.054218,1
962,14.480419,0.156269,-0.027132,0.054213,1
963,14.495977,0.156748,-0.027080,0.054268,1
964,14.510489,0.157409,-0.027218,0.054447,1
965,14.525607,0.158239,-0.026957,0.054615,1
966,14.540581,0.158618,-0.026026,0.054618,1
967,14.555563,0.158318,-0.024767,0.054633,1
968,14.570739,0.158183,-0.023592,0.054768,1
969,14.585660,0.158771,-0.022737,0.054850,1
970,14.600820,0.159468,-0.022207,0.054748,1
971,14.615829,0.159793,-0.021667,0.054595,1
972,14.630942,0.159913,-0.020894,0.054687,1
973,14.645863,0.159895,-0.020172,0.055119,1
974,14.660846,0.159836,-0.019873,0.055729,1
975,14.675974,0.159821,-0.019985,0.056239,1
976,14.691187,0.159903,-0.020261,0.056406,1
977,14.706231,0.160127,-0.020499,0.056286,1
978,14.721152,0.160582,-0.020628,0.055987,1
979,14.736292,0.161345,-0.020485,0.055749,1
980,14.751237,0.162146,-0.020000,0.055817,1
981,14.766207,0.162724,-0.019486,0.056017,1
982,14.781307,0.163380,-0.019433,0.056139,1
983,14.796282,0.164213,-0.019910,0.056234,1
984,14.811358,0.165089,-0.020745,0.056322,1
985,14.826441,0.166415,-0.021639,0.056427,1
986,14.841606,0.168313,-0.022283,0.056622,1
987,14.856397,0.169794,-0.022376,0.056610,1
988,14.871843,0.170673,-0.021827,0.056188,1
989,14.886769,0.171207,-0.020837,0.055813,1
990,14.901683,0.171768,-0.019860,0.055894,1
991,14.916548,0.172389,-0.019404,0.056301,1
992,14.931950,0.172922,-0.019683,0.056722,1
993,14.946780,0.173504,-0.020494,0.057067,1
994,14.961906,0.174355,-0.021177,0.057228,1
995,14.977548,0.175197,-0.021146,0.057060,1
996,14.991976,0.175815,-0.020491,0.056727,1
997,15.007040,0.176419,-0.019695,0.056582,1
998,15.022069,0.177183,-0.019309,0.056814,1
999,15.037089,0.178062,-0.019470,0.057436,1
1000,15.052082,0.178861,-0.019881,0.058115,1
1001,15.067085,0.179475,-0.020107,0.058632,1
1002,15.082219,0.180141,-0.019950,0.058838,1
1003,15.097120,0.180975,-0.019347,0.059008,1
1004,15.112478,0.181768,-0.018473,0.059296,1
1005,15.127437,0.182513,-0.017796,0.059481,1
1006,15.142494,0.183230,-0.017856,0.059456,1
1007,15.157423,0.184216,-0.018526,0.059378,1
1008,15.172496,0.185177,-0.019253,0.059426,1
1009,15.187640,0.185833,-0.019427,0.059833,1
1010,15.202615,0.186405,-0.018895,0.060414,1
1011,15.217569,0.187136,-0.018189,0.060887,1
1012,15.232619,0.188017,-0.017912,0.061165,1
1013,15.247692,0.188860,-0.018311,0.061333,1
1014,15.262800,0.189580,-0.018937,0.061417,1
1015,15.277689,0.190193,-0.019229,0.061343,1
1016,15.292836,0.190760,-0.019071,0.061231,1
1017,15.307908,0.191478,-0.018747,0.061214,1
1018,15.322962,0.192393,-0.018562,0.061241,1
1019,15.338148,0.193233,-0.018564,0.061411,1
1020,15.353259,0.193970,-0.018544,0.061888,1
1021,15.368202,0.194767,-0.018353,0.062561,1
1022,15.383197,0.195715,-0.017960,0.063120,1
1023,15.398109,0.196678,-0.017412,0.063253,1
1024,15.413370,0.197466,-0.016936,0.062931,1
1025,15.428359,0.198170,-0.016550,0.062497,1
1026,15.443599,0.198989,-0.016086,0.062233,1
1027,15.458337,0.199861,-0.015668,0.062156,1
1028,15.473593,0.200603,-0.015681,0.062016,1
1029,15.488451,0.201485,-0.016168,0.061756,1
1030,15.503640,0.202573,-0.017006,0.061623,1
1031,15.518640,0.203692,-0.017871,0.061767,1
1032,15.533681,0.204589,-0.018238,0.062096,1
1033,15.548609,0.205463,-0.017911,0.062287,1
1034,15.563742,0.206657,-0.017058,0.062297,1
1035,15.578684,0.207643,-0.015961,0.062327,1
1036,15.593783,0.208139,-0.015115,0.062369,1
1037,15.608889,0.208484,-0.014837,0.062348,1
1038,15.623954,0.209145,-0.015191,0.062255,1
1039,15.638789,0.210056,-0.015958,0.062141,1
1040,15.654084,0.210996,-0.016661,0.061863,1
1041,15.669170,0.211974,-0.016942,0.061433,1
1042,15.684103,0.212882,-0.016690,0.061034,1
1043,15.699025,0.213661,-0.016168,0.060791,1
1044,15.714167,0.214331,-0.015772,0.060713,1
1045,15.729186,0.215209,-0.015497,0.060797,1
1046,15.744372,0.215824,-0.015206,0.060782,1
1047,15.759155,0.215900,-0.014635,0.060515,1
1048,15.774389,0.216037,-0.013832,0.060136,1
1049,15.789310,0.216764,-0.012921,0.059804,1
1050,15.804492,0.217634,-0.011937,0.059432,1
1051,15.819454,0.217925,-0.011050,0.058916,1
1052,15.834492,0.218054,-0.010415,0.058577,1
1053,15.849523,0.218449,-0.009791,0.058609,1
1054,15.864537,0.218773,-0.009274,0.059004,1
1055,15.879545,0.218645,-0.008951,0.059354,1
1056,15.894818,0.218315,-0.008766,0.059342,1
1057,15.909675,0.218232,-0.008908,0.059085,1
1058,15.924858,0.218426,-0.009287,0.058852,1
1059,15.939771,0.218644,-0.009632,0.058734,1
1060,15.954842,0.218443,-0.009740,0.058556,1
1061,15.970061,0.217793,-0.009448,0.058248,1
1062,15.985181,0.217277,-0.008965,0.057826,1
1063,16.000047,0.217066,-0.008757,0.057452,1
1064,16.015077,0.217003,-0.009087,0.057099,1
1065,16.030192,0.216784,-0.009744,0.056689,1
1066,16.045175,0.216414,-0.010252,0.056428,1
1067,16.060301,0.216170,-0.010303,0.056585,1
1068,16.075140,0.216034,-0.009908,0.056912,1
1069,16.090526,0.215807,-0.009078,0.057116,1
1070,16.105337,0.215345,-0.008037,0.056826,1
1071,16.120383,0.214603,-0.007224,0.056044,1
1072,16.135561,0.213913,-0.007073,0.055261,1
1073,16.150599,0.213438,-0.007664,0.054789,1
1074,16.165606,0.212984,-0.008774,0.054602,1
1075,16.180513,0.212399,-0.009767,0.054638,1
1076,16.195660,0.211772,-0.010287,0.054590,1
1077,16.210650,0.211051,-0.010371,0.054345,1
1078,16.225684,0.210305,-0.010264,0.053897,1
1079,16.240618,0.209478,-0.010158,0.053561,1
1080,16.255789,0.208862,-0.010179,0.053515,1
1081,16.270722,0.208410,-0.010277,0.053659,1
1082,16.285920,0.207815,-0.010334,0.053685,1
1083,16.300918,0.207139,-0.010295,0.053378,1
1084,16.315979,0.206559,-0.010081,0.052764,1
1085,16.330862,0.205997,-0.009831,0.052164,1
1086,16.346075,0.205609,-0.009607,0.051904,1
1087,16.361218,0.205387,-0.009291,0.051995,1
1088,16.376127,0.205183,-0.008695,0.052236,1
1089,16.391222,0.205017,-0.007820,0.052579,1
1090,16.406226,0.204779,-0.006601,0.052959,1
1091,16.421345,0.204218,-0.005237,0.053364,1
1092,16.436546,0.203437,-0.004094,0.053717,1
1093,16.451345,0.202842,-0.003516,0.053957,1
1094,16.466416,0.202518,-0.003592,0.054217,1
1095,16.481442,0.202252,-0.004047,0.054538,1
1096,16.496963,0.201717,-0.004452,0.054822,1
1097,16.511531,0.200937,-0.004511,0.054992,1
1098,16.526652,0.199984,-0.004116,0.055144,1
1099,16.541544,0.199110,-0.003571,0.055223,1
1100,16.556780,0.198418,-0.003453,0.055155,1
1101,16.571924,0.198149,-0.003900,0.055115,1
1102,16.586819,0.198053,-0.004411,0.055260,1
1103,16.601773,0.197709,-0.004404,0.055656,1
1104,16.616874,0.197118,-0.003939,0.056169,1
1105,16.631854,0.196635,-0.003435,0.056649,1
1106,16.646930,0.196441,-0.003376,0.057099,1
1107,16.662047,0.196298,-0.003812,0.057532,1
1108,16.677040,0.196074,-0.004269,0.057983,1
1109,16.692118,0.195828,-0.004187,0.058265,1
1110,16.707208,0.195604,-0.003570,0.058402,1
1111,16.722150,0.195453,-0.002913,0.058242,1
1112,16.737283,0.195075,-0.002719,0.057825,1
1113,16.752463,0.194659,-0.003232,0.057316,1
1114,16.767473,0.194334,-0.004032,0.056983,1
1115,16.782475,0.193832,-0.004699,0.056683,1
1116,16.797428,0.193006,-0.005125,0.056254,1
1117,16.812363,0.192142,-0.005380,0.055825,1
1118,16.827473,0.191318,-0.005516,0.055571,1
1119,16.842509,0.190586,-0.005668,0.055380,1
1120,16.857544,0.190011,-0.006040,0.055050,1
1121,16.872541,0.189645,-0.006560,0.054504,1
1122,16.887673,0.189308,-0.006892,0.053876,1
1123,16.902779,0.188847,-0.006845,0.053423,1
1124,16.917776,0.188143,-0.006498,0.053353,1
1125,16.932730,0.187554,-0.005983,0.053696,1
1126,16.947861,0.187278,-0.005418,0.054102,1
1127,16.962785,0.187083,-0.004630,0.054423,1
1128,16.978092,0.186624,-0.003710,0.054560,1
1129,16.992999,0.185858,-0.003039,0.054456,1
1130,17.007998,0.185223,-0.002820,0.054221,1
1131,17.023045,0.184742,-0.002856,0.054137,1
1132,17.038223,0.184048,-0.002983,0.054315,1
1133,17.053211,0.182885,-0.003083,0.054479,1
1134,17.068311,0.181770,-0.002834,0.054484,1
1135,17.083181,0.181100,-0.002050,0.054371,1
1136,17.098417,0.180499,-0.000875,0.054390,1
1137,17.113314,0.179456,0.000431,0.054936,1
1138,17.128549,0.178757,0.001407,0.055793,1
1139,17.143407,0.178781,0.001800,0.056297,1
1140,17.158556,0.179073,0.001637,0.056308,1
1141,17.173436,0.179021,0.001093,0.056117,1
1142,17.188763,0.178752,0.000501,0.056036,1
1143,17.203610,0.178547,0.000318,0.056505,1
1144,17.218756,0.178372,0.001038,0.057603,1
1145,17.233903,0.177627,0.002727,0.058700,1
1146,17.248848,0.176145,0.004718,0.058948,1
1147,17.263806,0.174765,0.006301,0.058485,1
1148,17.278926,0.174315,0.007210,0.057997,1
1149,17.293876,0.174199,0.007483,0.057646,1
1150,17.309029,0.174042,0.007233,0.057211,1
1151,17.323926,0.173800,0.006532,0.056889,1
1152,17.339107,0.173694,0.005971,0.057174,1
1153,17.354125,0.173763,0.006123,0.057894,1
1154,17.369133,0.173551,0.006920,0.058517,1
1155,17.384219,0.172715,0.007590,0.058582,1
1156,17.399410,0.172003,0.007277,0.058230,1
1157,17.414288,0.172011,0.005811,0.058054,1
1158,17.429430,0.172039,0.003775,0.058366,1
1159,17.444492,0.171508,0.002469,0.059068,1
1160,17.459461,0.171017,0.002845,0.059813,1
1161,17.474586,0.170893,0.004540,0.060275,1
1162,17.489522,0.170840,0.006505,0.060393,1
1163,17.504452,0.170837,0.007672,0.060339,1
1164,17.519776,0.170849,0.007361,0.060309,1
1165,17.534646,0.170939,0.005748,0.060533,1
1166,17.549929,0.170990,0.003630,0.060957,1
1167,17.564708,0.171062,0.001886,0.061333,1
1168,17.579868,0.171471,0.000857,0.061720,1
1169,17.594689,0.171932,0.000118,0.062207,1
1170,17.609893,0.172485,0.000088,0.062799,1
1171,17.624738,0.173655,0.001004,0.063079,1
1172,17.639973,0.175023,0.002407,0.063074,1
1173,17.655090,0.175833,0.003705,0.062623,1
1174,17.670243,0.175977,0.004507,0.061940,1
1175,17.685056,0.176171,0.005043,0.061754,1
1176,17.700163,0.176708,0.005179,0.062130,1
1177,17.715372,0.177099,0.004732,0.062218,1
1178,17.730267,0.177140,0.004083,0.061715,1
1179,17.745196,0.176997,0.003248,0.060773,1
1180,17.760391,0.177137,0.001804,0.059474,1
1181,17.775396,0.177530,-0.000051,0.057652,1
1182,17.790426,0.178081,-0.002090,0.055918,1
1183,17.805388,0.178326,-0.003699,0.054676,1
1184,17.820695,0.178420,-0.004917,0.054143,1
1185,17.835440,0.179095,-0.006179,0.054176,1
1186,17.850665,0.180309,-0.007355,0.054354,1
1187,17.865747,0.181181,-0.008186,0.054236,1
1188,17.880753,0.181176,-0.008629,0.053822,1
1189,17.895770,0.181010,-0.008480,0.053344,1
1190,17.910930,0.181111,-0.006863,0.053435,1
1191,17.925840,0.180733,-0.003783,0.053665,1
1192,17.940861,0.179049,-0.000313,0.053310,1
1193,17.955963,0.176936,0.002992,0.052407,1
1194,17.970989,0.176166,0.005945,0.051368,1
1195,17.986086,0.176901,0.007940,0.050423,1
1196,18.001123,0.178750,0.008351,0.049859,1
1197,18.016161,0.180788,0.007300,0.050004,1
1198,18.031327,0.182002,0.005619,0.051176,1
1199,18.046132,0.182204,0.004640,0.053153,1
1200,18.061353,0.182145,0.005001,0.055056,1
1201,18.076382,0.182167,0.005874,0.056197,1
1202,18.091402,0.182226,0.005929,0.056500,1
1203,18.106303,0.182242,0.004683,0.056578,1
1204,18.121520,0.182221,0.002620,0.057013,1
1205,18.136668,0.182025,0.001108,0.058255,1
1206,18.151663,0.181518,0.001024,0.059749,1
1207,18.166488,0.180927,0.001841,0.060584,1
1208,18.181831,0.180285,0.002323,0.060639,1
1209,18.196643,0.179037,0.001571,0.060633,1
1210,18.212047,0.177261,0.000143,0.061623,1
1211,18.226681,0.175867,-0.000653,0.063430,1
1212,18.241839,0.174638,-0.000498,0.065091,1
1213,18.256891,0.172721,0.000131,0.066350,1
1214,18.271912,0.169965,0.000610,0.067471,1
1215,18.287040,0.167156,0.000394,0.068545,1
1216,18.302022,0.164643,-0.001089,0.069360,1
1217,18.317224,0.162625,-0.004029,0.069680,1
1218,18.332089,0.161293,-0.007602,0.069590,1
1219,18.347153,0.160236,-0.010832,0.069378,1
1220,18.362394,0.158745,-0.012840,0.069611,1
1221,18.377172,0.157281,-0.012951,0.070414,1
1222,18.392701,0.156439,-0.011592,0.071297,1
1223,18.407153,0.155642,-0.009486,0.071628,1
1224,18.422614,0.153689,-0.007633,0.071310,1
1225,18.437369,0.151121,-0.006842,0.070963,1
1226,18.452476,0.149235,-0.006716,0.071372,1
1227,18.467445,0.148248,-0.006728,0.072488,1
1228,18.482603,0.147951,-0.006557,0.074310,1
1229,18.498274,0.147464,-0.006300,0.076514,1
1230,18.512673,0.146351,-0.006173,0.078572,1
1231,18.527634,0.144359,-0.006504,0.080424,1
1232,18.542757,0.142279,-0.007439,0.082405,1
1233,18.557776,0.140126,-0.008353,0.084161,1
1234,18.572800,0.137207,-0.008742,0.085001,1
1235,18.587838,0.133636,-0.008988,0.085170,1
1236,18.604566,0.130494,-0.009473,0.085197,1
1237,18.617948,0.128200,-0.010077,0.085465,1
1238,18.633037,0.126005,-0.010737,0.085929,1
1239,18.648014,0.122939,-0.011358,0.086759,1
1240,18.663048,0.119190,-0.011984,0.087906,1
1241,18.678139,0.115498,-0.012846,0.088947,1
1242,18.693158,0.112016,-0.014089,0.089488,1
1243,18.708096,0.108415,-0.015615,0.089525,1
1244,18.723346,0.104746,-0.017148,0.089476,1
1245,18.738327,0.101261,-0.018322,0.089707,1
1246,18.753475,0.097966,-0.018944,0.090094,1
1247,18.768542,0.094546,-0.019147,0.090374,1
1248,18.783467,0.091115,-0.019209,0.090229,1
1249,18.798627,0.088136,-0.019203,0.089771,1
1250,18.813484,0.085387,-0.019323,0.089242,1
1251,18.828583,0.082466,-0.019610,0.088697,1
1252,18.843708,0.079498,-0.019766,0.088295,1
1253,18.859032,0.076597,-0.020039,0.087827,1
1254,18.873766,0.073886,-0.020834,0.087219,1
1255,18.888726,0.071414,-0.022066,0.086627,1
1256,18.903832,0.068719,-0.023280,0.085998,1
1257,18.918866,0.065531,-0.024213,0.085243,1
1258,18.933883,0.062660,-0.024814,0.084531,1
1259,18.948946,0.060403,-0.025375,0.083856,1
1260,18.964279,0.058154,-0.026310,0.083286,1
1261,18.978945,0.055831,-0.027808,0.083026,1
1262,18.994190,0.053947,-0.029883,0.083104,1
1263,19.009049,0.052464,-0.032022,0.083347,1
1264,19.024155,0.051058,-0.033523,0.083529,1
1265,19.039118,0.049722,-0.034451,0.083637,1
1266,19.054336,0.048896,-0.035407,0.083981,1
1267,19.069451,0.048531,-0.036895,0.084718,1
1268,19.084531,0.048569,-0.038946,0.085520,1
1269,19.099462,0.049267,-0.041349,0.086174,1
1270,19.114656,0.050706,-0.044300,0.086487,1
1271,19.129375,0.052923,-0.047898,0.086717,1
1272,19.144659,0.055708,-0.052054,0.086734,1
1273,19.159612,0.059644,-0.056234,0.086112,1
1274,19.174710,0.064818,-0.060585,0.085788,1
1275,19.189643,0.069611,-0.065536,0.086008,1
1276,19.204866,0.073787,-0.071096,0.086502,1
1277,19.219762,0.078258,-0.077093,0.086958,1
1278,19.234881,0.084578,-0.083466,0.087340,1
1279,19.249737,0.092441,-0.090257,0.088068,1
1280,19.265020,0.099610,-0.097795,0.089459,1
1281,19.279962,0.105026,-0.106214,0.091858,1
1282,19.295258,0.111265,-0.115174,0.095163,1
1283,19.310061,0.119057,-0.125176,0.099408,1
1284,19.325129,0.128735,-0.136896,0.104226,1
1285,19.340160,0.141021,-0.150501,0.109070,1
1286,19.355212,0.156555,-0.166134,0.113322,1
1287,19.370177,0.174464,-0.183558,0.116630,1
1288,19.385325,0.195994,-0.202702,0.117964,1
1289,19.400492,0.221012,-0.224684,0.117563,1
1290,19.415410,0.246945,-0.250489,0.115766,1
1291,19.430417,0.272538,-0.279230,0.113112,1
1292,19.445563,0.293899,-0.309315,0.111785,1
1293,19.460595,0.310494,-0.340027,0.112596,1
1294,19.475578,0.327831,-0.371467,0.113483,1
1295,19.490531,0.347654,-0.404675,0.112890,1
1296,19.505718,0.365498,-0.439011,0.112412,1
1297,19.520676,0.378762,-0.472602,0.113267,1
1298,19.535690,0.386817,-0.503153,0.115701,1
1299,19.550860,0.391477,-0.529649,0.117848,1
1300,19.565908,0.394442,-0.551519,0.118030,1
1301,19.580952,0.395870,-0.568664,0.116854,1
1302,19.595943,0.397064,-0.581738,0.115185,1
1303,19.610912,0.398964,-0.591274,0.113852,1
1304,19.626004,0.401510,-0.597784,0.113062,1
1305,19.641003,0.403319,-0.601740,0.113134,1
1306,19.656157,0.403579,-0.603715,0.114482,1
1307,19.671194,0.402735,-0.604168,0.116908,1
1308,19.686247,0.402977,-0.604911,0.117780,1
1309,19.701246,0.406165,-0.606809,0.115697,1
1310,19.716480,0.413513,-0.609062,0.111411,1
1311,19.731304,0.422378,-0.607693,0.104116,1
1312,19.746512,0.425426,-0.603661,0.099353,1
1313,19.761470,0.424793,-0.598094,0.097623,1
1314,19.776330,0.420187,-0.594002,0.098491,1
1315,19.791419,0.416106,-0.599201,0.097996,1
1316,19.806572,0.421166,-0.617516,0.091116,1
1317,19.821620,0.435692,-0.642854,0.075507,1
