t, yaw, pitch, roll, isCalibrated
0.003536,0.033525,-0.004524,-0.000192,-0.002730,1
0.019113,0.033720,-0.005389,0.001719,-0.002820,1
0.033574,0.034367,-0.006548,0.001854,-0.002896,1
0.048924,0.034448,-0.006893,0.000087,-0.003198,1
0.063701,0.034931,-0.007078,-0.002524,-0.003551,1
0.078908,0.047417,-0.006830,-0.004532,-0.003606,1
0.093773,0.062287,-0.006345,-0.005503,-0.003649,1
0.109033,0.077993,-0.006468,-0.005743,-0.003298,1
0.123963,0.092482,-0.006059,-0.005932,-0.003036,1
0.139076,0.107639,-0.005649,-0.006461,-0.002910,1
0.153944,0.122557,-0.006181,-0.006957,-0.002527,1
0.169217,0.137747,-0.006141,-0.007151,-0.002331,1
0.184098,0.152618,-0.005559,-0.007201,-0.002338,1
0.199311,0.167825,-0.004784,-0.007227,-0.002341,1
0.214087,0.182615,-0.003161,-0.007495,-0.002666,1
0.229344,0.197999,-0.002739,-0.007926,-0.002680,1
0.244252,0.212871,-0.003208,-0.008074,-0.002336,1
0.259460,0.228030,-0.003330,-0.007793,-0.002645,1
0.277405,0.246024,-0.003635,-0.007623,-0.002843,1
0.289579,0.258092,-0.003420,-0.007661,-0.002827,1
0.304471,0.272974,-0.003078,-0.007434,-0.002745,1
0.319610,0.288151,-0.003264,-0.007120,-0.002622,1
0.334531,0.303836,-0.003541,-0.007079,-0.002470,1
0.349824,0.318331,-0.004148,-0.007238,-0.002274,1
0.364651,0.333177,-0.004783,-0.007391,-0.002114,1
0.379915,0.348392,-0.004455,-0.007412,-0.002201,1
0.394786,0.363288,-0.003850,-0.007182,-0.002223,1
0.409877,0.378362,-0.003933,-0.006952,-0.002042,1
0.424793,0.393282,-0.004231,-0.006839,-0.001934,1
0.440024,0.408526,-0.004374,-0.006665,-0.002008,1
0.454864,0.423367,-0.004796,-0.006674,-0.002099,1
0.470018,0.438506,-0.004884,-0.007005,-0.002230,1
0.484993,0.453479,-0.004190,-0.007428,-0.002500,1
0.500370,0.469050,-0.003449,-0.007666,-0.002618,1
0.515136,0.483642,-0.003164,-0.007665,-0.002652,1
0.530643,0.499150,-0.003201,-0.007337,-0.002676,1
0.545157,0.513658,-0.003269,-0.006715,-0.002709,1
0.560581,0.529082,-0.003389,-0.006284,-0.002751,1
0.575244,0.543737,-0.003455,-0.006329,-0.002738,1
0.590528,0.559044,-0.003331,-0.006519,-0.002670,1
0.605432,0.573943,-0.002936,-0.006546,-0.002769,1
0.620800,0.589300,-0.002614,-0.006519,-0.002749,1
0.635418,0.603903,-0.002320,-0.006446,-0.002652,1
0.650754,0.620121,-0.001996,-0.006231,-0.002566,1
0.665613,0.634142,-0.001834,-0.005886,-0.002583,1
0.681023,0.649535,-0.001857,-0.005851,-0.002666,1
0.695614,0.664150,-0.002054,-0.006315,-0.002585,1
0.711174,0.679678,-0.002344,-0.006670,-0.002463,1
0.725896,0.694398,-0.002130,-0.006635,-0.002488,1
0.741145,0.709680,-0.001721,-0.006362,-0.002570,1
0.755824,0.724328,-0.001493,-0.005973,-0.002511,1
0.771119,0.739619,-0.001203,-0.005629,-0.002451,1
0.786133,0.754651,-0.000816,-0.005598,-0.002382,1
0.801240,0.769732,-0.000718,-0.005862,-0.002351,1
0.816035,0.784546,-0.000882,-0.006123,-0.002359,1
0.831428,0.799931,-0.001279,-0.006132,-0.002372,1
0.846074,0.814579,-0.001656,-0.006109,-0.002237,1
0.861514,0.830013,-0.001507,-0.006237,-0.002103,1
0.876237,0.844739,-0.000710,-0.006530,-0.002094,1
0.891301,0.859794,-0.000215,-0.006932,-0.001973,1
0.906310,0.874812,0.000317,-0.007365,-0.001614,1
0.921507,0.890011,0.001017,-0.007659,-0.001388,1
0.936367,0.904856,0.001867,-0.007866,-0.001470,1
0.951475,0.919961,0.002523,-0.007940,-0.001589,1
0.966488,0.935004,0.003406,-0.007831,-0.001625,1
0.981742,0.950236,0.004234,-0.007590,-0.001538,1
0.996569,0.965071,0.005047,-0.007248,-0.001293,1
1.011704,0.980232,0.006167,-0.006762,-0.000919,1
1.026537,0.995038,0.007357,-0.006514,-0.000703,1
1.042110,1.010650,0.008190,-0.006918,-0.000791,1
1.056693,1.025195,0.008513,-0.007937,-0.000911,1
1.071889,1.040389,0.008552,-0.009100,-0.000888,1
1.086813,1.055313,0.008895,-0.009872,-0.000836,1
1.102046,1.070534,0.008927,-0.009995,-0.000628,1
1.116862,1.085376,0.008195,-0.009779,-0.000332,1
1.131965,1.100469,0.007378,-0.009741,-0.000081,1
1.146873,1.115357,0.006867,-0.009949,0.000013,1
1.162161,1.130665,0.006426,-0.010302,-0.000025,1
1.177181,1.145682,0.005933,-0.010422,0.000008,1
1.192248,1.160748,0.005812,-0.009971,0.000009,1
1.207198,1.175690,0.005645,-0.009064,0.000053,1
1.222361,1.190886,0.005096,-0.008146,0.000355,1
1.237351,1.205849,0.004156,-0.007458,0.000838,1
1.252472,1.220967,0.003738,-0.006987,0.001126,1
1.267244,1.235735,0.003656,-0.006676,0.001161,1
1.282538,1.251051,0.003276,-0.006436,0.001301,1
1.297864,1.266367,0.003060,-0.006082,0.001294,1
1.312653,1.281138,0.002972,-0.005586,0.001213,1
1.327518,1.296022,0.002713,-0.005206,0.001191,1
1.342680,1.311180,0.002574,-0.005277,0.001159,1
1.357523,1.326001,0.002673,-0.005306,0.000885,1
1.372857,1.341381,0.002636,-0.005003,0.000354,1
1.387627,1.356129,0.002380,-0.004441,-0.000291,1
1.402878,1.371365,0.002211,-0.003900,-0.001177,1
1.417788,1.386274,0.002235,-0.003678,-0.002061,1
1.433039,1.401554,0.002132,-0.003752,-0.002639,1
1.448388,1.416903,0.001481,-0.003836,-0.002884,1
1.463095,1.431610,0.000157,-0.005081,-0.002867,1
1.477848,1.446339,0.000574,-0.007360,-0.002431,1
1.493167,1.461668,0.001550,-0.008161,-0.002727,1
1.507975,1.476463,0.002322,-0.007592,-0.002747,1
1.523357,1.491869,0.002807,-0.006247,-0.002855,1
1.538079,1.506577,0.003026,-0.004876,-0.002812,1
1.553311,1.521842,0.002617,-0.004150,-0.002415,1
1.568252,1.536754,0.002136,-0.003668,-0.001888,1
1.583402,1.551961,0.002265,-0.003178,-0.001287,1
1.598349,1.566875,0.002649,-0.002795,-0.000424,1
1.613470,1.581980,0.002609,-0.002428,0.000548,1
1.628315,1.596848,0.002349,-0.002128,0.001346,1
1.643653,1.612155,0.002305,-0.002217,0.001675,1
1.658411,1.626899,0.002483,-0.002695,0.001421,1
1.673670,1.642154,0.002884,-0.003385,0.000749,1
1.688543,1.657046,0.003197,-0.003953,0.000156,1
1.703682,1.672615,0.003252,-0.004133,0.000085,1
1.718622,1.687108,0.003098,-0.004020,0.000558,1
1.733760,1.702252,0.002785,-0.003623,0.001365,1
1.748729,1.717244,0.002307,-0.003222,0.001963,1
1.763992,1.732510,0.001949,-0.003506,0.002740,1
1.778793,1.747282,0.001841,-0.004208,0.003712,1
1.794147,1.762650,0.001959,-0.004795,0.004544,1
1.808853,1.777342,0.002123,-0.005331,0.005350,1
1.824315,1.792803,0.002182,-0.005811,0.006012,1
1.839191,1.807691,0.002089,-0.006075,0.006470,1
1.854221,1.822708,0.002006,-0.006088,0.006906,1
1.869053,1.837538,0.001545,-0.005585,0.007562,1
1.884347,1.852831,0.001077,-0.004441,0.008187,1
1.899133,1.867654,0.000894,-0.003002,0.008845,1
1.914414,1.882898,0.000929,-0.001600,0.009552,1
1.929233,1.897719,0.001109,-0.000293,0.010500,1
1.944586,1.913088,0.001558,0.000552,0.011404,1
1.959463,1.927965,0.002332,0.000710,0.012300,1
1.974604,1.943105,0.003317,0.000954,0.013080,1
1.989462,1.957949,0.004317,0.000985,0.013444,1
2.004632,1.973162,0.005539,0.000919,0.014762,1
2.019621,1.988109,0.006064,0.002604,0.015574,1
2.034737,2.003224,0.006580,0.004446,0.016336,1
2.049555,2.018064,0.007067,0.005344,0.017445,1
2.064751,2.033256,0.007233,0.006055,0.018176,1
2.079713,2.048226,0.007661,0.006489,0.018651,1
2.095081,2.063585,0.008515,0.006798,0.018962,1
2.109845,2.078379,0.009566,0.007040,0.018932,1
2.125097,2.093631,0.010073,0.006652,0.019298,1
2.140015,2.108515,0.009795,0.006153,0.019860,1
2.155022,2.123510,0.009194,0.006056,0.020462,1
2.170191,2.138679,0.008802,0.006540,0.021054,1
2.185203,2.153691,0.008874,0.007319,0.021619,1
2.200171,2.168732,0.009383,0.007717,0.022010,1
2.215312,2.183826,0.010058,0.007651,0.022321,1
2.230176,2.198661,0.010453,0.007498,0.022513,1
2.245369,2.213860,0.010413,0.007380,0.022913,1
2.260208,2.228698,0.010285,0.007251,0.023433,1
2.275431,2.243934,0.010309,0.007115,0.024044,1
2.290325,2.258839,0.010337,0.007089,0.024321,1
2.305459,2.273954,0.010244,0.006810,0.024380,1
2.320371,2.288859,0.009946,0.006422,0.024384,1
2.335526,2.304015,0.009270,0.006621,0.024603,1
2.350505,2.318988,0.008747,0.007343,0.024708,1
2.365707,2.334223,0.008710,0.008173,0.024663,1
2.380629,2.349144,0.008607,0.008687,0.024520,1
2.395692,2.364175,0.008083,0.008363,0.024539,1
2.410637,2.379128,0.007214,0.007505,0.024971,1
2.425764,2.394266,0.006515,0.006969,0.025555,1
2.440813,2.409321,0.005975,0.006719,0.026013,1
2.455895,2.424411,0.005405,0.006356,0.026208,1
2.470782,2.439284,0.004953,0.005472,0.026341,1
2.486043,2.454571,0.004888,0.004532,0.026438,1
2.500819,2.469310,0.005024,0.003906,0.026468,1
2.516073,2.484588,0.005276,0.003421,0.026377,1
2.531020,2.499534,0.005512,0.002933,0.026151,1
2.546260,2.514772,0.005603,0.002688,0.025917,1
2.561008,2.529510,0.005276,0.002758,0.025805,1
2.576345,2.544842,0.004735,0.003017,0.025799,1
2.591314,2.559820,0.004236,0.003600,0.025697,1
2.606412,2.574931,0.003828,0.004096,0.025268,1
2.621314,2.589815,0.003694,0.004052,0.024531,1
2.636512,2.605000,0.003820,0.003233,0.023658,1
2.651423,2.619931,0.003797,0.001856,0.023029,1
2.666567,2.635735,0.003456,0.000546,0.022728,1
2.681429,2.649914,0.003178,-0.000233,0.022720,1
2.696689,2.665203,0.003095,-0.000832,0.022784,1
2.711498,2.680001,0.003133,-0.001507,0.022906,1
2.726826,2.695328,0.003332,-0.001816,0.022674,1
2.741634,2.710136,0.003663,-0.001846,0.021961,1
2.756850,2.725353,0.003602,-0.001849,0.021248,1
2.771664,2.740168,0.003251,-0.002033,0.020639,1
2.786999,2.755503,0.003432,-0.002082,0.020049,1
2.801845,2.770360,0.004553,-0.001830,0.019329,1
2.816999,2.785489,0.005876,-0.001694,0.018597,1
2.831926,2.800450,0.006316,-0.001805,0.017891,1
2.847135,2.815621,0.006267,-0.002153,0.017283,1
2.861988,2.830490,0.006088,-0.002083,0.016764,1
2.877233,2.845753,0.005710,-0.001111,0.016401,1
2.892363,2.860862,0.005459,0.000359,0.015867,1
2.907275,2.875772,0.005667,0.001910,0.015396,1
2.922215,2.890722,0.006317,0.003546,0.015121,1
2.937526,2.906221,0.006828,0.004362,0.015083,1
2.952287,2.920774,0.006355,0.003703,0.015340,1
2.967417,2.935903,0.005457,0.002133,0.015626,1
2.982384,2.950897,0.004480,0.000032,0.015708,1
2.997733,2.966236,0.003588,-0.001882,0.015624,1
3.012620,2.981104,0.003057,-0.002737,0.015014,1
3.027648,2.996136,0.002850,-0.002932,0.013743,1
3.042549,3.011064,0.002646,-0.003880,0.012307,1
3.057701,3.026208,0.002224,-0.005307,0.011194,1
3.072948,3.041481,0.001696,-0.006247,0.010484,1
3.087800,3.056290,0.001244,-0.006758,0.010309,1
3.102644,3.071133,0.000662,-0.006996,0.010788,1
3.118016,3.086581,-0.000127,-0.006822,0.011448,1
3.132949,3.102090,-0.000947,-0.006650,0.011336,1
3.148088,3.116602,-0.001530,-0.006967,0.010439,1
3.163050,3.131565,-0.002194,-0.007201,0.008999,1
3.178169,3.146659,-0.003077,-0.006897,0.007538,1
3.193168,3.161731,-0.003790,-0.006319,0.006595,1
3.208198,3.176703,-0.004185,-0.005308,0.006202,1
3.223035,3.191538,-0.004550,-0.003896,0.006186,1
3.238208,3.206710,-0.005308,-0.002681,0.006296,1
3.253124,3.221627,-0.006586,-0.001698,0.006019,1
3.268333,3.236844,-0.008073,-0.000818,0.005215,1
3.283208,3.251716,-0.009716,0.000435,0.004272,1
3.298437,3.266955,-0.011084,0.002257,0.003636,1
3.313150,3.281637,-0.011961,0.003837,0.003443,1
3.328564,3.297048,-0.012968,0.004758,0.003910,1
3.343404,3.311893,-0.014569,0.005470,0.004875,1
3.358656,3.327171,-0.016067,0.005903,0.005930,1
3.373562,3.342066,-0.017281,0.006049,0.006779,1
3.388711,3.357210,-0.018548,0.006502,0.006827,1
3.403608,3.372109,-0.019722,0.007064,0.005765,1
3.418753,3.387291,-0.020434,0.007335,0.004116,1
3.433668,3.402153,-0.020835,0.007601,0.002480,1
3.449369,3.417876,-0.021293,0.008230,0.001452,1
3.463783,3.432298,-0.021966,0.008792,0.001076,1
3.478917,3.447404,-0.023096,0.008525,0.001266,1
3.493783,3.462271,-0.024434,0.007482,0.001663,1
3.509118,3.477617,-0.025823,0.006622,0.001888,1
3.523933,3.492429,-0.027217,0.006299,0.001827,1
3.539118,3.507620,-0.028194,0.005795,0.001316,1
3.553986,3.522468,-0.028932,0.004635,0.001081,1
3.569210,3.537710,-0.029427,0.003447,0.000988,1
3.584031,3.552519,-0.029338,0.003042,0.001299,1
3.599393,3.568688,-0.028876,0.002392,0.002108,1
3.614151,3.582635,-0.028683,0.001501,0.003650,1
3.629382,3.597891,-0.027926,0.000842,0.005002,1
3.644345,3.612850,-0.026480,-0.001246,0.005177,1
3.659380,3.627892,-0.026447,-0.005661,0.004913,1
3.674345,3.642848,-0.027750,-0.009144,0.004367,1
3.689544,3.658042,-0.027531,-0.010259,0.003280,1
3.704478,3.672982,-0.025374,-0.010594,0.001755,1
3.719772,3.688280,-0.022690,-0.010657,0.000606,1
3.734496,3.702978,-0.019752,-0.009821,0.000013,1
3.749705,3.718190,-0.016029,-0.008136,-0.000666,1
3.764746,3.733259,-0.011704,-0.007505,-0.002011,1
3.779837,3.748323,-0.007831,-0.008067,-0.003413,1
3.794747,3.763280,-0.004021,-0.008742,-0.004769,1
3.809942,3.778431,0.000174,-0.009910,-0.006077,1
3.824817,3.793322,0.005411,-0.012218,-0.007681,1
3.840051,3.808551,0.011734,-0.015949,-0.010046,1
3.854849,3.823351,0.017738,-0.019301,-0.012497,1
3.870229,3.838709,0.023096,-0.020781,-0.014323,1
3.885056,3.853602,0.028140,-0.020365,-0.015323,1
3.900265,3.868759,0.032134,-0.020152,-0.015795,1
3.915044,3.883555,0.034598,-0.019694,-0.016065,1
3.930369,3.898864,0.036491,-0.018090,-0.016965,1
3.945173,3.913665,0.038362,-0.015656,-0.017991,1
3.960355,3.928880,0.040623,-0.011318,-0.018751,1
3.975284,3.943774,0.044305,-0.005122,-0.019368,1
3.990522,3.959026,0.048974,0.001106,-0.019532,1
4.005356,3.973888,0.053866,0.005937,-0.018907,1
4.020590,3.989093,0.058362,0.008615,-0.017581,1
4.035409,4.003898,0.062388,0.009491,-0.016540,1
4.050578,4.019112,0.065756,0.009679,-0.016403,1
4.065540,4.034054,0.068676,0.010332,-0.016970,1
4.080769,4.049285,0.071834,0.010735,-0.017933,1
4.095547,4.064042,0.075160,0.009493,-0.018865,1
4.110849,4.079381,0.078323,0.007526,-0.019014,1
4.125741,4.094243,0.081314,0.005838,-0.018344,1
4.140955,4.109458,0.084383,0.004767,-0.017042,1
4.155819,4.124321,0.087560,0.004800,-0.015298,1
4.171047,4.139552,0.091139,0.005913,-0.013616,1
4.185915,4.154484,0.095334,0.007404,-0.012484,1
4.201048,4.169537,0.099993,0.008414,-0.012040,1
4.216083,4.184594,0.104740,0.008125,-0.011698,1
4.231218,4.199721,0.108426,0.006498,-0.010579,1
4.246058,4.214546,0.111451,0.004294,-0.008522,1
4.261224,4.229732,0.115627,0.001726,-0.006096,1
4.276156,4.244645,0.121460,-0.000168,-0.003774,1
4.291405,4.259906,0.128755,-0.000866,-0.001856,1
4.306270,4.274774,0.136741,-0.000889,-0.000170,1
4.321450,4.289953,0.144542,-0.001421,0.001151,1
4.336549,4.305047,0.151570,-0.002729,0.002886,1
4.351627,4.320143,0.157746,-0.003685,0.005417,1
4.366552,4.335093,0.163741,-0.003610,0.008661,1
4.381595,4.350109,0.170410,-0.002631,0.012080,1
4.396577,4.365109,0.177714,-0.000874,0.015252,1
4.411674,4.380175,0.185461,0.001125,0.018105,1
4.426653,4.395154,0.192913,0.003409,0.020805,1
4.441822,4.410324,0.200173,0.006195,0.023825,1
4.456760,4.425268,0.208342,0.009094,0.027334,1
4.471959,4.440463,0.217053,0.010925,0.030871,1
4.486874,4.455374,0.225960,0.011605,0.033936,1
4.501960,4.470449,0.235112,0.011949,0.035867,1
4.516973,4.485532,0.244225,0.011743,0.036602,1
4.532072,4.500592,0.252747,0.010455,0.037200,1
4.547081,4.515589,0.260527,0.009133,0.038206,1
4.562085,4.530587,0.267815,0.008519,0.039664,1
4.577068,4.545557,0.275155,0.008853,0.041359,1
4.592208,4.560698,0.283306,0.010029,0.042796,1
4.607137,4.575640,0.292170,0.011495,0.043369,1
4.622365,4.590895,0.301140,0.012404,0.043113,1
4.637172,4.605676,0.309076,0.012968,0.042379,1
4.652397,4.620945,0.315781,0.013274,0.041729,1
4.667196,4.635684,0.321273,0.013306,0.041753,1
4.682576,4.651092,0.326588,0.013224,0.042263,1
4.697377,4.665880,0.331957,0.013220,0.042959,1
4.712556,4.681112,0.337574,0.013444,0.043488,1
4.727423,4.695941,0.342898,0.013655,0.044266,1
4.742617,4.711117,0.347203,0.013767,0.045656,1
4.757481,4.725978,0.350524,0.013765,0.047593,1
4.772895,4.741395,0.353452,0.014235,0.049941,1
4.787672,4.756175,0.357162,0.015198,0.052795,1
4.802988,4.771485,0.362118,0.015791,0.055635,1
4.817827,4.786512,0.367261,0.015500,0.058153,1
4.833001,4.801528,0.371652,0.014210,0.060434,1
4.847908,4.816411,0.374990,0.012324,0.062520,1
4.863044,4.831531,0.377456,0.010834,0.064726,1
4.877841,4.846343,0.379831,0.009585,0.067081,1
4.893206,4.861738,0.382040,0.008043,0.069582,1
4.908036,4.876538,0.383514,0.007342,0.072229,1
4.923279,4.891785,0.384769,0.007923,0.074743,1
4.938061,4.906565,0.386253,0.008908,0.076727,1
4.953322,4.921819,0.387798,0.009750,0.078212,1
4.968137,4.936625,0.388981,0.010220,0.079658,1
4.983391,4.952195,0.390103,0.009838,0.081325,1
4.998292,4.966804,0.390928,0.008698,0.083107,1
5.013471,4.981955,0.392142,0.007597,0.084595,1
5.028284,4.996782,0.394493,0.007042,0.085497,1
5.043579,5.012073,0.397386,0.006699,0.085685,1
5.058456,5.026956,0.400078,0.006171,0.085719,1
5.073625,5.042129,0.402172,0.005082,0.086366,1
5.088524,5.057029,0.403612,0.003671,0.087758,1
5.103745,5.072248,0.405197,0.003008,0.089378,1
5.118519,5.087004,0.407866,0.003808,0.090722,1
5.133817,5.102316,0.412032,0.005482,0.091573,1
5.148743,5.117255,0.417494,0.007937,0.091809,1
5.163875,5.132370,0.423507,0.010384,0.091734,1
5.178772,5.147295,0.429443,0.012123,0.091536,1
5.193918,5.162459,0.434768,0.013039,0.091532,1
5.208786,5.177278,0.439085,0.013032,0.092039,1
5.224052,5.192628,0.443020,0.012636,0.092998,1
5.238932,5.207430,0.447544,0.012966,0.093845,1
5.254137,5.222641,0.453237,0.013856,0.094315,1
5.269032,5.237537,0.459784,0.014813,0.094728,1
5.284264,5.252768,0.466305,0.015767,0.095406,1
5.299132,5.267617,0.472096,0.016476,0.096124,1
5.314472,5.282978,0.476836,0.016474,0.096825,1
5.329169,5.297659,0.480739,0.015864,0.097540,1
5.344434,5.312924,0.484487,0.015130,0.098359,1
5.359329,5.327823,0.488414,0.015138,0.099304,1
5.374602,5.343117,0.492512,0.016243,0.100473,1
5.389441,5.357943,0.496811,0.017706,0.101734,1
5.404629,5.373129,0.501518,0.018790,0.102681,1
5.419497,5.388003,0.506076,0.019535,0.103206,1
5.434709,5.403198,0.509566,0.020177,0.103475,1
5.450149,5.418820,0.511740,0.020438,0.103414,1
5.464853,5.433369,0.513048,0.019900,0.103056,1
5.479604,5.448090,0.513799,0.018632,0.102664,1
5.494860,5.463365,0.514560,0.017481,0.102363,1
5.509713,5.478213,0.515783,0.016782,0.102157,1
5.525016,5.493518,0.517074,0.016217,0.102133,1
5.539866,5.508366,0.518382,0.015486,0.102135,1
5.555170,5.523697,0.520150,0.014807,0.102108,1
5.569921,5.538445,0.522789,0.014015,0.102116,1
5.585110,5.553599,0.525709,0.013280,0.102186,1
5.600031,5.568598,0.528657,0.012835,0.102503,1
5.615334,5.583820,0.531562,0.012261,0.103072,1
5.630094,5.598633,0.534083,0.011799,0.103837,1
5.645368,5.613871,0.536212,0.011340,0.104496,1
5.660256,5.628759,0.537951,0.010630,0.104849,1
5.675471,5.643971,0.539719,0.010055,0.104866,1
5.690321,5.658823,0.541510,0.009949,0.104522,1
5.705739,5.674237,0.543314,0.010600,0.103864,1
5.720408,5.688906,0.544873,0.011499,0.103210,1
5.735818,5.704310,0.546145,0.012107,0.102905,1
5.750410,5.719607,0.547505,0.012074,0.103013,1
5.765910,5.734424,0.549294,0.011535,0.103464,1
5.780594,5.749081,0.551874,0.010450,0.104080,1
5.795779,5.764287,0.555034,0.009577,0.104375,1
5.810695,5.779191,0.558669,0.009620,0.104252,1
5.826035,5.794581,0.562180,0.010551,0.104171,1
5.840743,5.809252,0.565219,0.012536,0.104453,1
5.856024,5.824526,0.567906,0.015543,0.105127,1
5.870833,5.839331,0.570260,0.017965,0.106115,1
5.886049,5.854565,0.572128,0.019007,0.107448,1
5.900883,5.869923,0.574064,0.019341,0.108886,1
5.916138,5.884742,0.576461,0.019847,0.110255,1
5.931078,5.899581,0.578886,0.020603,0.111401,1
5.946254,5.914748,0.580724,0.021410,0.112453,1
5.961060,5.929550,0.582323,0.022168,0.113300,1
5.976292,5.944793,0.583917,0.022786,0.113693,1
5.991134,5.959634,0.585283,0.023314,0.113994,1
6.006422,5.974922,0.586160,0.023511,0.114420,1
6.021248,5.989754,0.586672,0.023272,0.114998,1
6.036565,6.005080,0.587518,0.023127,0.115817,1
6.051284,6.019769,0.588601,0.022927,0.116734,1
6.066502,6.034985,0.589501,0.023324,0.117734,1
6.081474,6.049957,0.590661,0.024977,0.118803,1
6.096630,6.065117,0.592439,0.027271,0.120063,1
6.111471,6.079971,0.595477,0.030155,0.121402,1
6.126749,6.095249,0.600036,0.033591,0.122565,1
6.141634,6.110130,0.605682,0.036358,0.123509,1
6.156894,6.125395,0.611218,0.037433,0.124321,1
6.171703,6.140217,0.616207,0.037238,0.125114,1
6.186996,6.155533,0.620731,0.035680,0.125745,1
6.201753,6.170244,0.624598,0.032574,0.125867,1
6.217006,6.185569,0.627729,0.028748,0.125636,1
6.231899,6.200399,0.629489,0.025067,0.125366,1
6.247108,6.215598,0.629783,0.022076,0.125331,1
6.262049,6.230548,0.629619,0.020167,0.125402,1
6.277213,6.245714,0.629738,0.019441,0.125377,1
6.292211,6.260714,0.630438,0.019873,0.125223,1
6.307309,6.275835,0.631705,0.020947,0.125234,1
6.322119,6.290644,0.633198,0.021566,0.125060,1
6.337386,6.305912,0.634331,0.021425,0.124515,1
6.352211,6.320697,0.634634,0.021141,0.124080,1
6.367604,6.336118,0.634544,0.021315,0.123805,1
6.382294,6.350783,0.634678,0.022304,0.123527,1
6.397712,6.366228,0.634964,0.023720,0.123135,1
6.412491,6.380982,0.634937,0.024961,0.122828,1
6.427708,6.396202,0.634404,0.025740,0.122718,1
6.442572,6.411069,0.633816,0.025639,0.122510,1
6.457746,6.426235,0.633461,0.024802,0.121989,1
6.472636,6.441129,0.633341,0.023277,0.120968,1
6.487850,6.456353,0.632991,0.021336,0.119651,1
6.502770,6.471281,0.632241,0.019682,0.118399,1
6.517875,6.486422,0.631292,0.018323,0.117259,1
6.532757,6.501259,0.630455,0.017253,0.116348,1
6.548045,6.516556,0.629742,0.016705,0.116024,1
6.562891,6.531386,0.629022,0.016405,0.116384,1
6.578078,6.546574,0.628220,0.015598,0.116964,1
6.593076,6.561575,0.627104,0.014278,0.117739,1
6.608121,6.576616,0.625379,0.013076,0.118632,1
6.623056,6.591588,0.623410,0.012262,0.119146,1
6.638395,6.606897,0.621599,0.011809,0.119451,1
6.653210,6.621736,0.619576,0.011893,0.119835,1
6.668344,6.636833,0.617119,0.012683,0.120533,1
6.683255,6.651770,0.613918,0.013621,0.121435,1
6.698470,6.666966,0.609625,0.014016,0.122285,1
6.713302,6.681830,0.603999,0.014131,0.122986,1
6.728524,6.697012,0.597247,0.015380,0.123588,1
6.743440,6.711968,0.590544,0.017613,0.123890,1
6.758626,6.727127,0.583778,0.020619,0.123910,1
6.773475,6.741987,0.576794,0.024341,0.123887,1
6.788764,6.757267,0.570045,0.027845,0.124035,1
6.803556,6.772059,0.563923,0.030399,0.123930,1
6.818883,6.787391,0.558913,0.032071,0.123190,1
6.833679,6.802197,0.554125,0.033154,0.122161,1
6.849022,6.817539,0.548956,0.033449,0.120684,1
6.863760,6.832245,0.542688,0.032512,0.118804,1
6.879162,6.847660,0.536145,0.030393,0.116123,1
6.893830,6.862326,0.530237,0.027987,0.112719,1
6.909111,6.877614,0.524990,0.025054,0.108968,1
6.923966,6.892470,0.520057,0.021406,0.105364,1
6.939230,6.907732,0.514898,0.018433,0.101909,1
6.954073,6.922573,0.509499,0.016907,0.098889,1
6.969354,6.937870,0.503424,0.015597,0.095970,1
6.984116,6.952858,0.496290,0.013181,0.092935,1
6.999459,6.967973,0.487996,0.009406,0.089650,1
7.014250,6.982952,0.479174,0.005140,0.085941,1
7.029438,6.997937,0.469818,0.001066,0.081648,1
7.044439,7.012932,0.460150,-0.002414,0.076920,1
7.059500,7.027996,0.450113,-0.005358,0.072048,1
7.074401,7.042912,0.440387,-0.008304,0.067408,1
7.089674,7.058214,0.431945,-0.012024,0.062641,1
7.104498,7.073001,0.424692,-0.016020,0.057904,1
7.119641,7.088143,0.417234,-0.019347,0.052959,1
7.134567,7.103084,0.408524,-0.021787,0.048071,1
7.149743,7.118256,0.398094,-0.022845,0.043526,1
7.164547,7.133060,0.387089,-0.023315,0.039305,1
7.179786,7.148293,0.377148,-0.024786,0.035293,1
7.194770,7.163270,0.369436,-0.028090,0.031401,1
7.209894,7.178394,0.363954,-0.032733,0.027732,1
7.224786,7.193302,0.359735,-0.038441,0.024004,1
7.239986,7.208501,0.355287,-0.044278,0.020676,1
7.254910,7.223443,0.348691,-0.048387,0.018084,1
7.270113,7.238656,0.340687,-0.051351,0.016263,1
7.284927,7.253415,0.331940,-0.054612,0.015039,1
7.300241,7.268785,0.323356,-0.058132,0.013938,1
7.315167,7.283662,0.315963,-0.062103,0.012512,1
7.330254,7.298743,0.309779,-0.066817,0.010388,1
7.345331,7.313830,0.303537,-0.071456,0.007541,1
7.360363,7.328863,0.295604,-0.074093,0.004653,1
7.375401,7.343900,0.285873,-0.074026,0.002164,1
7.390452,7.358957,0.275002,-0.072425,0.000575,1
7.405410,7.373917,0.263965,-0.070594,-0.000238,1
7.420608,7.389112,0.254260,-0.069723,-0.000653,1
7.435438,7.403922,0.247525,-0.070718,-0.000923,1
7.451522,7.420009,0.243124,-0.073028,-0.000998,1
7.465561,7.434078,0.239541,-0.075223,-0.000621,1
7.480750,7.449234,0.236060,-0.076464,0.000240,1
7.495759,7.464257,0.232556,-0.076751,0.001248,1
7.510946,7.479445,0.228816,-0.076481,0.002316,1
7.525714,7.494202,0.224517,-0.076286,0.003370,1
7.540881,7.509382,0.219629,-0.076566,0.004064,1
7.555764,7.524256,0.214297,-0.077302,0.003999,1
7.570990,7.539495,0.208128,-0.078029,0.003511,1
7.586018,7.554539,0.200644,-0.078048,0.003173,1
7.601122,7.569640,0.192187,-0.077450,0.003056,1
7.615961,7.584444,0.182680,-0.076582,0.003187,1
7.631252,7.599784,0.172476,-0.075865,0.003151,1
7.646083,7.614587,0.162265,-0.075581,0.002567,1
7.661268,7.629840,0.151945,-0.075755,0.001217,1
7.676312,7.644809,0.141614,-0.076801,-0.000616,1
7.691291,7.659792,0.131556,-0.079159,-0.002461,1
7.706243,7.674735,0.122320,-0.082449,-0.004057,1
7.721536,7.690070,0.114172,-0.086298,-0.005520,1
7.736542,7.705032,0.106493,-0.090355,-0.006568,1
7.751457,7.719942,0.097825,-0.093418,-0.007057,1
7.766493,7.735009,0.087676,-0.094527,-0.007013,1
7.781668,7.750171,0.076903,-0.094215,-0.006835,1
7.796638,7.765122,0.065920,-0.092850,-0.006925,1
7.811700,7.780197,0.054637,-0.090862,-0.007139,1
7.826757,7.795258,0.042999,-0.088816,-0.007459,1
7.841803,7.810310,0.031922,-0.086767,-0.007789,1
7.856847,7.825350,0.021257,-0.084440,-0.008008,1
7.871886,7.840419,0.011614,-0.081907,-0.008518,1
7.886948,7.855436,0.003594,-0.079317,-0.009121,1
7.902036,7.870524,-0.003433,-0.076717,-0.009678,1
7.917103,7.885783,-0.009749,-0.073919,-0.010074,1
7.932152,7.900664,-0.014848,-0.071023,-0.010371,1
7.947002,7.915489,-0.018786,-0.068178,-0.010753,1
7.962072,7.930565,-0.022238,-0.065463,-0.010958,1
7.977116,7.945613,-0.025468,-0.062536,-0.010892,1
7.992251,7.960745,-0.028608,-0.059025,-0.010871,1
8.007084,7.975584,-0.031932,-0.055151,-0.011184,1
8.022255,7.990756,-0.036135,-0.051613,-0.011767,1
8.037220,8.005712,-0.042704,-0.049000,-0.012478,1
8.052503,8.020987,-0.051910,-0.047061,-0.013499,1
8.067419,8.035982,-0.062463,-0.044801,-0.015086,1
8.082511,8.051021,-0.072423,-0.041824,-0.017091,1
8.097480,8.065987,-0.081058,-0.038998,-0.019228,1
8.112602,8.081090,-0.088553,-0.037029,-0.021158,1
8.127829,8.096347,-0.094912,-0.036164,-0.022770,1
8.142742,8.111233,-0.100341,-0.036723,-0.023959,1
8.157513,8.126011,-0.106761,-0.038462,-0.024702,1
8.172721,8.141275,-0.114389,-0.040833,-0.024237,1
8.187637,8.156139,-0.123006,-0.043027,-0.023148,1
8.202874,8.171371,-0.132146,-0.044308,-0.021971,1
8.217749,8.186282,-0.140541,-0.044592,-0.021155,1
8.233047,8.201550,-0.147251,-0.044288,-0.020906,1
8.247928,8.216436,-0.152844,-0.044014,-0.020984,1
8.263032,8.231517,-0.158617,-0.044420,-0.020948,1
8.277965,8.246469,-0.165143,-0.045267,-0.020722,1
8.293186,8.261685,-0.172093,-0.046337,-0.020754,1
8.308178,8.276679,-0.178837,-0.048024,-0.021439,1
8.323188,8.291686,-0.185190,-0.050354,-0.022955,1
8.338086,8.306577,-0.191587,-0.052559,-0.025386,1
8.353268,8.321768,-0.198713,-0.054701,-0.028122,1
8.368163,8.336695,-0.207432,-0.057512,-0.030654,1
8.383458,8.351969,-0.217808,-0.060467,-0.032830,1
8.398347,8.366863,-0.228340,-0.062069,-0.034938,1
8.413479,8.381982,-0.237125,-0.062091,-0.037194,1
8.428463,8.396972,-0.243583,-0.061288,-0.039880,1
8.443719,8.412217,-0.248405,-0.060296,-0.043033,1
8.458460,8.426958,-0.253155,-0.059813,-0.046387,1
8.473610,8.442100,-0.258924,-0.060488,-0.049540,1
8.488490,8.456994,-0.265889,-0.061656,-0.052224,1
8.503778,8.472268,-0.273974,-0.061670,-0.054704,1
8.518623,8.487109,-0.282183,-0.059476,-0.057417,1
8.533926,8.502438,-0.289904,-0.055342,-0.060679,1
8.548852,8.517336,-0.297115,-0.050731,-0.064039,1
8.563978,8.532464,-0.304116,-0.047100,-0.067264,1
8.578896,8.547381,-0.310528,-0.045049,-0.070083,1
8.594073,8.562578,-0.316219,-0.044345,-0.072674,1
8.608903,8.577406,-0.321242,-0.044285,-0.075012,1
8.624121,8.592622,-0.325047,-0.043353,-0.077345,1
8.639199,8.607758,-0.327590,-0.040131,-0.080231,1
8.654239,8.622740,-0.329639,-0.035050,-0.083590,1
8.669179,8.637691,-0.332284,-0.029936,-0.086436,1
8.684374,8.653592,-0.336196,-0.026259,-0.088342,1
8.699180,8.667692,-0.341153,-0.024888,-0.089255,1
8.714470,8.682984,-0.346199,-0.025450,-0.089020,1
8.729205,8.697688,-0.351207,-0.026527,-0.088159,1
8.744436,8.712938,-0.355591,-0.027191,-0.086860,1
8.759393,8.727894,-0.358574,-0.027184,-0.085563,1
8.774617,8.743121,-0.360239,-0.027051,-0.084665,1
8.789486,8.757992,-0.361435,-0.027349,-0.084090,1
8.804671,8.773166,-0.363311,-0.027803,-0.083764,1
8.819689,8.788213,-0.365642,-0.027574,-0.083767,1
8.834667,8.803157,-0.367753,-0.026674,-0.084066,1
8.850035,8.818543,-0.369504,-0.025806,-0.084204,1
8.864865,8.833367,-0.370749,-0.025573,-0.083978,1
8.879768,8.848310,-0.371238,-0.025717,-0.083695,1
8.895048,8.863543,-0.371871,-0.025894,-0.083554,1
8.909955,8.878458,-0.372835,-0.026564,-0.083525,1
8.924988,8.893487,-0.373778,-0.027818,-0.083653,1
8.939931,8.908465,-0.375177,-0.029150,-0.083840,1
8.955073,8.923571,-0.377249,-0.030035,-0.084055,1
8.970062,8.938575,-0.379727,-0.030442,-0.084334,1
8.985182,8.953668,-0.382424,-0.030174,-0.084891,1
9.000067,8.968576,-0.385889,-0.029721,-0.085524,1
9.015247,8.983754,-0.390795,-0.030040,-0.085940,1
9.030125,8.998629,-0.396536,-0.031137,-0.086074,1
9.045405,9.013907,-0.401719,-0.032291,-0.086428,1
9.060303,9.028795,-0.405622,-0.032527,-0.087366,1
9.075509,9.044016,-0.408397,-0.031026,-0.089013,1
9.090491,9.058993,-0.410647,-0.027772,-0.091257,1
9.105909,9.074411,-0.413128,-0.023338,-0.093702,1
9.120418,9.088994,-0.416135,-0.018773,-0.096383,1
9.135600,9.104087,-0.419372,-0.015210,-0.098993,1
9.150540,9.119061,-0.422501,-0.013078,-0.101010,1
9.165749,9.134243,-0.425566,-0.012108,-0.102597,1
9.180643,9.149173,-0.428313,-0.012110,-0.103722,1
9.195782,9.164285,-0.430518,-0.012487,-0.104354,1
9.210751,9.179305,-0.432337,-0.012728,-0.104624,1
9.225875,9.194380,-0.433633,-0.012707,-0.104797,1
9.240924,9.209425,-0.433849,-0.012441,-0.105178,1
9.256106,9.224607,-0.433899,-0.011930,-0.105581,1
9.270901,9.239401,-0.434858,-0.011570,-0.105890,1
9.286025,9.254516,-0.437072,-0.011232,-0.105985,1
9.300939,9.269436,-0.439953,-0.010203,-0.105713,1
9.316169,9.284691,-0.442255,-0.007701,-0.105088,1
9.331082,9.299584,-0.443765,-0.004276,-0.104230,1
9.346261,9.314771,-0.444776,-0.001418,-0.103082,1
9.361578,9.330081,-0.445173,-0.000157,-0.101293,1
9.376300,9.344800,-0.445266,-0.000448,-0.098703,1
9.391434,9.359932,-0.445408,-0.001079,-0.095759,1
9.406589,9.375078,-0.445819,-0.001085,-0.092999,1
9.421372,9.389863,-0.446598,-0.000152,-0.090404,1
9.436458,9.404948,-0.447331,0.001609,-0.088429,1
9.451942,9.420436,-0.447670,0.003858,-0.087070,1
9.466544,9.435042,-0.447403,0.006169,-0.086326,1
9.481569,9.450061,-0.447124,0.008429,-0.085937,1
9.496689,9.465192,-0.447441,0.009922,-0.085500,1
9.511657,9.480160,-0.448024,0.010142,-0.084908,1
9.526876,9.495387,-0.448894,0.009625,-0.084170,1
9.541851,9.510356,-0.449887,0.009266,-0.083490,1
9.557028,9.525546,-0.451138,0.009412,-0.082998,1
9.571936,9.540467,-0.452335,0.009686,-0.082391,1
9.586941,9.555481,-0.453116,0.009800,-0.081653,1
9.601917,9.570405,-0.453167,0.009301,-0.080894,1
9.617179,9.585688,-0.453282,0.007878,-0.079921,1
9.631901,9.600413,-0.453661,0.005817,-0.078726,1
9.647177,9.615659,-0.453831,0.004144,-0.077935,1
9.662023,9.630525,-0.453954,0.003492,-0.077897,1
9.677360,9.645841,-0.454876,0.003672,-0.078453,1
9.692019,9.660517,-0.456285,0.004460,-0.079254,1
9.707485,9.675982,-0.457437,0.005696,-0.080249,1
9.722170,9.690671,-0.458266,0.006861,-0.081075,1
9.737388,9.705877,-0.459126,0.007083,-0.081696,1
9.752304,9.720816,-0.459724,0.006253,-0.082249,1
9.767577,9.736079,-0.459992,0.004664,-0.082822,1
9.782341,9.750827,-0.460493,0.003224,-0.083498,1
9.797554,9.766049,-0.461218,0.002771,-0.084113,1
9.812498,9.781015,-0.461837,0.003322,-0.084644,1
9.827870,9.796373,-0.462291,0.003798,-0.084797,1
9.842576,9.811074,-0.462569,0.003218,-0.084327,1
9.857773,9.826276,-0.462169,0.001513,-0.083746,1
9.872859,9.841365,-0.461013,-0.000549,-0.083427,1
9.887887,9.856383,-0.459630,-0.002291,-0.083162,1
9.902738,9.871229,-0.458747,-0.003711,-0.082840,1
9.917955,9.886496,-0.458567,-0.004680,-0.082340,1
9.932781,9.901272,-0.458648,-0.004785,-0.081874,1
9.948076,9.916585,-0.458691,-0.004047,-0.081414,1
9.962891,9.931391,-0.458721,-0.002693,-0.081149,1
9.978121,9.946626,-0.458372,-0.001255,-0.081125,1
9.992934,9.961439,-0.457049,-0.000271,-0.081174,1
10.008230,9.977047,-0.454264,0.000022,-0.080738,1
10.023119,9.991615,-0.450344,0.000136,-0.079763,1
10.038274,10.006762,-0.446282,-0.000217,-0.077961,1
10.053075,10.021565,-0.442255,-0.001033,-0.075286,1
10.068639,10.037150,-0.437858,-0.001832,-0.071962,1
10.083310,10.051822,-0.432980,-0.003255,-0.068438,1
10.098610,10.067117,-0.427185,-0.005989,-0.064581,1
10.113290,10.081802,-0.420113,-0.009622,-0.060757,1
10.128812,10.097321,-0.412083,-0.013189,-0.057487,1
10.143397,10.111913,-0.403472,-0.015964,-0.054578,1
10.158649,10.127182,-0.394858,-0.017993,-0.052021,1
10.173414,10.141903,-0.386387,-0.019909,-0.049877,1
10.189002,10.157499,-0.378005,-0.021857,-0.048217,1
10.203666,10.172158,-0.369757,-0.022897,-0.047190,1
10.218966,10.187481,-0.361087,-0.021918,-0.047032,1
10.233694,10.202218,-0.352790,-0.019599,-0.047584,1
10.249208,10.217720,-0.344952,-0.017513,-0.048060,1
10.263733,10.232219,-0.337186,-0.015814,-0.048125,1
10.279148,10.247637,-0.329049,-0.014253,-0.048078,1
10.293866,10.262376,-0.320532,-0.012994,-0.048060,1
10.309300,10.277800,-0.311414,-0.011748,-0.047667,1
10.323975,10.292476,-0.301425,-0.009493,-0.046617,1
10.339127,10.307626,-0.290824,-0.007087,-0.045607,1
10.354057,10.322552,-0.279746,-0.006862,-0.044475,1
10.369310,10.337827,-0.268244,-0.009014,-0.042627,1
10.384153,10.352639,-0.256165,-0.011968,-0.040481,1
10.399413,10.367930,-0.244694,-0.014907,-0.038346,1
10.414259,10.382747,-0.234965,-0.017173,-0.035782,1
10.429474,10.398189,-0.227307,-0.018490,-0.032905,1
10.444387,10.412889,-0.221205,-0.019426,-0.030307,1
10.459649,10.428136,-0.215246,-0.020524,-0.028007,1
10.474522,10.443024,-0.209292,-0.021569,-0.026065,1
10.489670,10.458169,-0.204167,-0.022397,-0.024594,1
10.504487,10.472976,-0.199841,-0.023032,-0.023722,1
10.519719,10.488233,-0.195445,-0.023348,-0.023314,1
10.534640,10.503131,-0.190327,-0.022791,-0.023092,1
10.549824,10.519007,-0.184680,-0.021465,-0.022724,1
10.564712,10.533223,-0.178095,-0.020993,-0.022071,1
10.579934,10.548440,-0.170370,-0.022109,-0.020966,1
10.594764,10.563260,-0.162501,-0.023418,-0.019847,1
10.609950,10.578449,-0.155201,-0.023211,-0.019110,1
10.624860,10.593351,-0.149462,-0.021045,-0.019092,1
10.640039,10.608527,-0.144904,-0.017654,-0.019587,1
10.654891,10.623388,-0.139892,-0.013795,-0.019971,1
10.670168,10.638700,-0.133643,-0.010346,-0.019982,1
10.685030,10.653518,-0.126125,-0.008255,-0.019308,1
10.700374,10.668861,-0.117875,-0.007789,-0.017852,1
10.715099,10.683585,-0.110065,-0.008585,-0.015934,1
10.730360,10.698845,-0.104193,-0.009945,-0.013928,1
10.745164,10.713694,-0.100387,-0.011180,-0.012077,1
10.760369,10.728895,-0.096728,-0.011885,-0.010485,1
10.775198,10.743681,-0.092254,-0.012534,-0.009631,1
10.790471,10.758969,-0.087543,-0.013019,-0.009299,1
10.805372,10.773874,-0.083102,-0.012402,-0.008790,1
10.820564,10.789095,-0.078676,-0.010714,-0.007752,1
10.835546,10.804064,-0.073670,-0.008873,-0.006324,1
10.850657,10.819165,-0.067225,-0.007342,-0.004312,1
10.865604,10.834117,-0.059766,-0.006141,-0.002060,1
10.880797,10.849308,-0.051303,-0.006021,0.000492,1
10.895591,10.864159,-0.042305,-0.007793,0.003241,1
10.910807,10.879309,-0.033859,-0.011321,0.006009,1
10.925771,10.894261,-0.026669,-0.015693,0.008322,1
10.940877,10.909377,-0.021133,-0.020072,0.009735,1
10.955916,10.924406,-0.017650,-0.023747,0.010291,1
10.971228,10.939721,-0.016221,-0.026434,0.010615,1
10.985973,10.954484,-0.015675,-0.028247,0.011043,1
11.001061,10.969549,-0.015080,-0.029189,0.011525,1
11.015958,10.984441,-0.014382,-0.029668,0.011758,1
11.031122,10.999616,-0.012610,-0.030955,0.011796,1
11.046037,11.014525,-0.010338,-0.034074,0.011959,1
11.061305,11.029808,-0.008883,-0.038454,0.012222,1
11.076322,11.044823,-0.008281,-0.043079,0.012547,1
11.091355,11.059919,-0.007241,-0.047006,0.013120,1
11.106428,11.074928,-0.005064,-0.049229,0.013887,1
11.121497,11.089995,-0.002977,-0.049181,0.014917,1
11.136434,11.104934,-0.001804,-0.048548,0.016313,1
11.151649,11.120164,-0.001493,-0.049558,0.017445,1
11.166561,11.135134,-0.002263,-0.052640,0.018271,1
11.181747,11.150233,-0.004342,-0.057488,0.019303,1
11.196619,11.165646,-0.005398,-0.063069,0.020722,1
11.211793,11.181085,-0.002966,-0.067939,0.021819,1
11.226784,11.195291,0.001161,-0.071919,0.022313,1
11.242076,11.210577,0.005387,-0.075939,0.022661,1
11.256775,11.225276,0.008374,-0.080692,0.023065,1
11.271908,11.240400,0.009015,-0.086825,0.022954,1
11.286926,11.255424,0.008465,-0.095823,0.022476,1
11.302063,11.270602,0.007737,-0.106338,0.021641,1
11.316905,11.285461,0.007378,-0.116334,0.020054,1
11.332235,11.300747,0.007592,-0.125316,0.017925,1
11.347016,11.315536,0.008834,-0.133539,0.016062,1
11.362162,11.330652,0.011199,-0.141612,0.014388,1
11.377275,11.345763,0.014780,-0.150037,0.012688,1
11.392293,11.360801,0.019939,-0.158264,0.010913,1
11.407197,11.375683,0.026270,-0.165353,0.009062,1
11.422398,11.390901,0.032805,-0.171048,0.006872,1
11.437295,11.405794,0.038795,-0.176388,0.004942,1
11.453807,11.422305,0.043326,-0.182263,0.003999,1
11.467421,11.435940,0.048108,-0.188934,0.003673,1
11.482572,11.451082,0.054486,-0.195927,0.002943,1
11.497518,11.466014,0.063195,-0.203287,0.001287,1
11.512593,11.481079,0.070644,-0.211253,-0.000591,1
11.527574,11.496090,0.075160,-0.220467,-0.001752,1
11.542899,11.511401,0.077418,-0.231806,-0.001559,1
11.557563,11.526047,0.078301,-0.244367,-0.000035,1
11.572892,11.541393,0.079330,-0.255706,0.001666,1
11.587863,11.556350,0.081603,-0.264443,0.002895,1
11.602911,11.571410,0.084870,-0.270675,0.003442,1
11.617789,11.586301,0.087904,-0.275208,0.003839,1
11.632978,11.601499,0.090176,-0.280655,0.004483,1
11.647835,11.616318,0.090524,-0.289901,0.006068,1
11.663163,11.631649,0.088719,-0.302856,0.009166,1
11.677960,11.646720,0.086056,-0.315764,0.012577,1
11.693378,11.661882,0.084620,-0.325481,0.014338,1
11.708247,11.676751,0.084051,-0.331890,0.014528,1
11.723314,11.691817,0.083081,-0.336275,0.014378,1
11.738324,11.706824,0.081584,-0.340357,0.014186,1
11.753386,11.721885,0.079930,-0.345575,0.013915,1
11.768235,11.736724,0.078013,-0.351661,0.013598,1
11.783546,11.752140,0.075512,-0.358434,0.013261,1
11.798435,11.766949,0.073608,-0.366173,0.012365,1
11.813577,11.782065,0.072424,-0.374904,0.011136,1
11.828440,11.796956,0.072220,-0.383672,0.009831,1
11.843789,11.812316,0.072225,-0.391381,0.008241,1
11.858669,11.827169,0.071752,-0.398107,0.006700,1
11.873884,11.842391,0.069606,-0.403805,0.005558,1
11.888772,11.857270,0.065152,-0.409063,0.005080,1
11.903889,11.872377,0.059927,-0.414958,0.005075,1
11.918760,11.887272,0.055171,-0.421553,0.004534,1
11.934000,11.902489,0.052041,-0.427611,0.003499,1
11.948885,11.917403,0.050772,-0.431198,0.001950,1
11.964015,11.932512,0.050778,-0.432341,-0.000047,1
11.978866,11.947397,0.049841,-0.433221,-0.001431,1
11.994101,11.962783,0.047137,-0.435876,-0.001336,1
12.009063,11.977562,0.044142,-0.440917,-0.000519,1
12.024396,11.992895,0.042137,-0.447220,-0.000441,1
12.039363,12.007985,0.041523,-0.453193,-0.001328,1
12.054249,12.022765,0.042059,-0.457987,-0.002878,1
12.069236,12.037783,0.042905,-0.462061,-0.005039,1
12.084259,12.052750,0.042686,-0.467164,-0.006836,1
12.099290,12.067795,0.041243,-0.474525,-0.007688,1
12.114503,12.083011,0.039226,-0.483837,-0.008385,1
12.129308,12.097810,0.038906,-0.494574,-0.009907,1
12.144521,12.113026,0.040917,-0.504931,-0.012558,1
12.159402,12.127903,0.045016,-0.512777,-0.016573,1
12.174833,12.143335,0.048656,-0.518145,-0.020209,1
12.189462,12.157947,0.050549,-0.524611,-0.021763,1
12.204871,12.173358,0.051170,-0.535553,-0.021293,1
12.219684,12.188172,0.051441,-0.549470,-0.020173,1
12.234856,12.203344,0.051104,-0.562231,-0.018992,1
12.249688,12.218200,0.050766,-0.572841,-0.018053,1
12.264955,12.233465,0.050058,-0.581705,-0.017256,1
12.279778,12.248267,0.049128,-0.589360,-0.016472,1
12.295087,12.263618,0.048408,-0.596017,-0.015970,1
12.309828,12.278356,0.048299,-0.601804,-0.016298,1
12.325009,12.293509,0.049060,-0.607848,-0.017380,1
12.340124,12.308614,0.050572,-0.614933,-0.018149,1
12.355268,12.323765,0.052907,-0.621494,-0.019140,1
12.370176,12.338674,0.055627,-0.625846,-0.020665,1
12.385237,12.353736,0.057671,-0.628364,-0.022258,1
12.400190,12.368704,0.057723,-0.630240,-0.023079,1
12.415423,12.383932,0.055697,-0.632627,-0.022703,1
12.430234,12.398740,0.052534,-0.635547,-0.021687,1
12.445477,12.413965,0.049379,-0.639313,-0.020779,1
12.460306,12.428831,0.047612,-0.644309,-0.020336,1
12.475541,12.444043,0.047214,-0.649955,-0.020266,1
12.490453,12.458954,0.048082,-0.656271,-0.020690,1
12.505573,12.474068,0.050436,-0.663813,-0.021695,1
12.520623,12.489125,0.053544,-0.671921,-0.022819,1
12.535769,12.504283,0.056238,-0.678645,-0.023461,1
12.550575,12.519065,0.058555,-0.682852,-0.024258,1
12.565823,12.534353,0.060154,-0.684901,-0.025060,1
12.580790,12.549276,0.061214,-0.686009,-0.025500,1
12.595957,12.564460,0.062113,-0.687241,-0.025743,1
12.610741,12.579242,0.063239,-0.688315,-0.025885,1
12.625962,12.594471,0.064757,-0.688380,-0.026789,1
12.640838,12.609342,0.066190,-0.688044,-0.028294,1
12.656235,12.624736,0.067201,-0.689086,-0.029480,1
12.671101,12.639604,0.067284,-0.691698,-0.029406,1
12.686162,12.654665,0.066752,-0.694523,-0.028831,1
12.701014,12.669504,0.066184,-0.696560,-0.028301,1
12.716331,12.684844,0.066160,-0.697946,-0.027974,1
12.731123,12.699618,0.065984,-0.699182,-0.027366,1
12.746357,12.714848,0.065709,-0.701405,-0.026746,1
12.761426,12.729958,0.064797,-0.704776,-0.025919,1
12.776408,12.744924,0.063310,-0.708345,-0.024771,1
12.791563,12.760064,0.061231,-0.711318,-0.023545,1
12.806644,12.775144,0.059027,-0.713583,-0.022264,1
12.821641,12.790133,0.057246,-0.714255,-0.021255,1
12.836837,12.805327,0.056218,-0.713047,-0.020985,1
12.851453,12.819940,0.055426,-0.710521,-0.020794,1
12.866662,12.835444,0.055236,-0.707832,-0.020723,1
12.881586,12.850100,0.055866,-0.706124,-0.021416,1
12.896846,12.865331,0.057168,-0.705805,-0.022254,1
12.911714,12.880217,0.058002,-0.705910,-0.022511,1
12.926895,12.895395,0.058199,-0.705615,-0.022278,1
12.941717,12.910219,0.057974,-0.704608,-0.022033,1
12.956918,12.925439,0.057483,-0.702932,-0.021839,1
12.971884,12.940382,0.057167,-0.700817,-0.021744,1
12.987044,12.955535,0.057768,-0.698887,-0.022217,1
13.001861,12.970349,0.059288,-0.697318,-0.023093,1
13.017158,12.985645,0.061242,-0.695503,-0.024067,1
13.032090,13.000621,0.063257,-0.693010,-0.025217,1
13.047221,13.015708,0.065297,-0.689642,-0.026590,1
13.062104,13.030636,0.067221,-0.685150,-0.028064,1
13.077402,13.045942,0.067422,-0.679271,-0.028297,1
13.092212,13.061331,0.066665,-0.673320,-0.027500,1
13.107373,13.075872,0.066054,-0.667942,-0.026904,1
13.122312,13.090811,0.066783,-0.662092,-0.027317,1
13.137536,13.106154,0.069311,-0.653713,-0.028918,1
13.152385,13.120891,0.070222,-0.642019,-0.029506,1
13.167524,13.136007,0.069929,-0.629949,-0.028596,1
13.182434,13.150949,0.068738,-0.621010,-0.027445,1
13.197694,13.166189,0.068106,-0.616119,-0.026458,1
13.212603,13.181135,0.068407,-0.612433,-0.026373,1
13.227742,13.196311,0.069629,-0.606988,-0.027368,1
13.242619,13.211171,0.071446,-0.598104,-0.028800,1
13.257928,13.226428,0.072321,-0.585233,-0.029486,1
13.272661,13.241185,0.071232,-0.569686,-0.028488,1
13.287990,13.256497,0.068138,-0.554190,-0.026697,1
13.302788,13.271287,0.064654,-0.541931,-0.024482,1
13.317954,13.286445,0.061437,-0.532733,-0.022164,1
13.333041,13.301555,0.059245,-0.524047,-0.020876,1
13.348072,13.316558,0.058413,-0.513643,-0.020923,1
13.363010,13.331503,0.057124,-0.501137,-0.021101,1
13.378309,13.346797,0.051712,-0.488934,-0.019169,1
13.392983,13.361485,0.045161,-0.480853,-0.015364,1
13.408246,13.376767,0.039058,-0.477453,-0.011464,1
13.423321,13.391821,0.034900,-0.475468,-0.008815,1
13.438360,13.406859,0.033115,-0.471178,-0.007870,1
13.453759,13.422268,0.032559,-0.463336,-0.008093,1
13.468436,13.436943,0.031660,-0.453000,-0.008316,1
13.483298,13.451813,0.030381,-0.441995,-0.008041,1
13.498549,13.467056,0.029903,-0.431316,-0.007734,1
13.513397,13.481878,0.029944,-0.421023,-0.007576,1
13.528603,13.497105,0.030586,-0.410698,-0.007379,1
13.543551,13.512040,0.030875,-0.399685,-0.007196,1
13.558754,13.527339,0.030203,-0.387992,-0.006961,1
13.573568,13.542073,0.029767,-0.376008,-0.007090,1
13.588994,13.557529,0.029332,-0.364282,-0.007908,1
13.603761,13.572242,0.027662,-0.354197,-0.008215,1
13.618961,13.587445,0.024620,-0.347169,-0.007401,1
13.633894,13.602404,0.020537,-0.343641,-0.005886,1
13.649057,13.617570,0.016498,-0.341977,-0.004025,1
13.663917,13.632406,0.013309,-0.340188,-0.002309,1
13.679077,13.647609,0.012345,-0.336003,-0.001401,1
13.693972,13.662475,0.012866,-0.328079,-0.001884,1
13.709197,13.677727,0.013544,-0.317356,-0.003154,1
13.724010,13.693059,0.014663,-0.306273,-0.005010,1
13.739304,13.707827,0.016103,-0.296830,-0.006718,1
13.754049,13.722529,0.017467,-0.289702,-0.007319,1
13.769381,13.737901,0.018723,-0.284216,-0.006452,1
13.784242,13.752741,0.020318,-0.278965,-0.004267,1
13.799534,13.768048,0.021675,-0.271613,-0.001695,1
13.814448,13.782938,0.022243,-0.261945,0.000551,1
13.829505,13.798005,0.023923,-0.252485,0.002167,1
13.844433,13.812922,0.026335,-0.244124,0.003018,1
13.859679,13.828211,0.029536,-0.236419,0.003095,1
13.874554,13.843059,0.033378,-0.228407,0.002713,1
13.889786,13.858311,0.035753,-0.219047,0.002622,1
13.904685,13.873183,0.035754,-0.208097,0.003015,1
13.919822,13.888302,0.034054,-0.196472,0.003947,1
13.934653,13.903132,0.032129,-0.185370,0.005372,1
13.949926,13.918442,0.031163,-0.175525,0.006793,1
13.964854,13.933358,0.032201,-0.166450,0.007870,1
13.979954,13.948470,0.034683,-0.157010,0.008163,1
13.994867,13.963358,0.036847,-0.146995,0.008006,1
14.010076,13.978568,0.038363,-0.137012,0.007730,1
14.024938,13.993463,0.039528,-0.127077,0.006893,1
14.040247,14.008747,0.041388,-0.116845,0.005578,1
14.055040,14.023538,0.044000,-0.106006,0.004101,1
14.070272,14.038779,0.046743,-0.094323,0.003014,1
14.085205,14.053704,0.048177,-0.081689,0.002708,1
14.100374,14.068891,0.049288,-0.069179,0.003624,1
14.115249,14.083734,0.050452,-0.058172,0.005383,1
14.130383,14.098884,0.051812,-0.050137,0.007631,1
14.145393,14.113882,0.053858,-0.044636,0.010239,1
14.160587,14.129105,0.055571,-0.040241,0.012629,1
14.175432,14.143934,0.056021,-0.036175,0.014807,1
14.190633,14.159148,0.054487,-0.032685,0.016829,1
14.205643,14.174144,0.051188,-0.030113,0.018854,1
14.220806,14.189315,0.046387,-0.027455,0.020732,1
14.235587,14.204116,0.040933,-0.023598,0.022768,1
14.250857,14.219388,0.035431,-0.018445,0.024991,1
14.265708,14.234229,0.029582,-0.012768,0.027258,1
14.280889,14.249375,0.022911,-0.007289,0.029610,1
14.295862,14.264384,0.016404,-0.002840,0.031617,1
14.310957,14.279514,0.010588,-0.000162,0.033024,1
14.325967,14.294469,0.004932,0.000350,0.034303,1
14.341015,14.309512,-0.000005,-0.000376,0.035688,1
14.356056,14.324570,-0.004070,-0.000864,0.036891,1
14.371130,14.339627,-0.007395,-0.001171,0.037695,1
14.386010,14.354503,-0.009858,-0.001760,0.038087,1
14.401227,14.369722,-0.011740,-0.002860,0.038705,1
14.416241,14.384744,-0.013204,-0.004009,0.039635,1
14.431391,14.399880,-0.014335,-0.004838,0.040437,1
14.446299,14.414802,-0.015586,-0.005427,0.040881,1
14.461466,14.430006,-0.017279,-0.006148,0.041350,1
14.476307,14.444806,-0.019240,-0.007001,0.042007,1
14.491487,14.459988,-0.020794,-0.007991,0.042878,1
14.506428,14.474941,-0.021667,-0.009153,0.043872,1
14.521648,14.490146,-0.021554,-0.010396,0.045138,1
14.536504,14.505029,-0.021105,-0.011195,0.046651,1
14.551680,14.520165,-0.021515,-0.011596,0.048651,1
14.566629,14.535134,-0.023744,-0.011756,0.051363,1
14.581834,14.550351,-0.026920,-0.011342,0.054206,1
14.596547,14.565032,-0.029271,-0.010389,0.056665,1
14.611831,14.580362,-0.030601,-0.009297,0.058633,1
14.626797,14.595310,-0.031399,-0.008403,0.060221,1
14.642188,14.610720,-0.031609,-0.007684,0.061517,1
14.656818,14.625375,-0.031366,-0.007214,0.062897,1
14.672322,14.640844,-0.031018,-0.007541,0.065126,1
14.686988,14.655489,-0.031038,-0.008465,0.068649,1
14.702224,14.670711,-0.031224,-0.009485,0.073457,1
14.717105,14.685736,-0.031116,-0.010547,0.079465,1
14.732423,14.700943,-0.030571,-0.012012,0.086416,1
14.747179,14.715713,-0.029918,-0.014011,0.094259,1
14.762389,14.730887,-0.029688,-0.016439,0.103042,1
14.777212,14.745755,-0.030376,-0.018886,0.113127,1
14.792632,14.761130,-0.032163,-0.021021,0.124850,1
14.807195,14.775675,-0.034215,-0.022519,0.138168,1
14.822492,14.791385,-0.035970,-0.023572,0.153034,1
14.837384,14.805883,-0.037530,-0.024600,0.169388,1
14.852665,14.821209,-0.038821,-0.026669,0.186452,1
14.867612,14.836157,-0.039527,-0.029930,0.202673,1
14.882718,14.851232,-0.040138,-0.033167,0.216943,1
14.897648,14.866161,-0.041911,-0.035917,0.229929,1
14.912748,14.881262,-0.045462,-0.039534,0.243563,1
14.927620,14.896148,-0.050708,-0.044758,0.258973,1
14.942885,14.911388,-0.056718,-0.050912,0.275830,1
14.957768,14.926276,-0.062323,-0.056761,0.293628,1
14.972967,14.941676,-0.066979,-0.060909,0.311444,1
14.987883,14.956423,-0.070900,-0.062492,0.328925,1
15.003141,14.971653,-0.074172,-0.061285,0.345087,1
15.017952,14.986652,-0.076442,-0.057831,0.359519,1
15.033260,15.001768,-0.077504,-0.053443,0.373410,1
15.048112,15.016625,-0.078162,-0.048865,0.387904,1
15.063239,15.031752,-0.079704,-0.044582,0.404005,1
15.078069,15.046557,-0.081962,-0.041281,0.421332,1
15.093275,15.061773,-0.084100,-0.038854,0.438221,1
15.108244,15.076744,-0.086365,-0.037176,0.454203,1
15.123418,15.091998,-0.088797,-0.036207,0.469504,1
15.138295,15.106793,-0.091120,-0.035952,0.484302,1
15.153500,15.121999,-0.093442,-0.036564,0.499268,1
15.168307,15.136793,-0.095759,-0.038452,0.515072,1
15.183630,15.152150,-0.097028,-0.041283,0.531222,1
15.198532,15.167050,-0.097560,-0.043859,0.547139,1
15.213608,15.182098,-0.098382,-0.045501,0.562764,1
15.228506,15.197003,-0.099955,-0.045823,0.578206,1
15.243787,15.212288,-0.102301,-0.045035,0.593382,1
15.258716,15.227216,-0.104677,-0.043449,0.607907,1
15.273871,15.242372,-0.106080,-0.040990,0.621381,1
15.288698,15.257830,-0.106089,-0.038111,0.634519,1
15.303944,15.272439,-0.106135,-0.035569,0.648232,1
15.318855,15.287345,-0.106888,-0.033783,0.662452,1
15.334064,15.302784,-0.107948,-0.032862,0.676984,1
15.348998,15.317491,-0.108858,-0.033065,0.692020,1
15.364163,15.332676,-0.109471,-0.034499,0.707263,1
15.379057,15.347548,-0.110241,-0.036009,0.722140,1
15.394180,15.362679,-0.111150,-0.035875,0.735868,1
15.409114,15.377612,-0.111962,-0.033845,0.748316,1
15.424408,15.392908,-0.113073,-0.031443,0.759766,1
15.439069,15.407602,-0.114247,-0.029041,0.770267,1
15.454921,15.424118,-0.115562,-0.027110,0.780636,1
15.469274,15.437772,-0.116573,-0.025852,0.791223,1
15.484531,15.453038,-0.117274,-0.024938,0.802024,1
15.499504,15.468014,-0.118223,-0.024511,0.812794,1
15.514652,15.483162,-0.119703,-0.025360,0.823023,1
15.529565,15.498054,-0.121618,-0.027053,0.832364,1
15.544730,15.513262,-0.123864,-0.028279,0.840600,1
15.559560,15.528066,-0.126652,-0.028727,0.848017,1
15.574789,15.543289,-0.129366,-0.028867,0.854773,1
15.589583,15.558172,-0.131508,-0.029149,0.861328,1
15.604881,15.574015,-0.133194,-0.030003,0.868164,1
15.619761,15.588260,-0.134395,-0.031335,0.874839,1
15.634910,15.603444,-0.134598,-0.032490,0.880658,1
15.649839,15.618347,-0.133996,-0.033026,0.885076,1
15.665067,15.633561,-0.133605,-0.032922,0.888091,1
15.679937,15.648450,-0.133869,-0.032710,0.890142,1
15.695070,15.663568,-0.134371,-0.032998,0.891362,1
15.709975,15.678467,-0.134830,-0.033660,0.892166,1
15.725277,15.693780,-0.135497,-0.034260,0.892699,1
15.740128,15.708628,-0.136071,-0.034598,0.892793,1
15.755259,15.724451,-0.136361,-0.034847,0.892680,1
15.770146,15.738652,-0.136535,-0.034985,0.892336,1
15.785457,15.753943,-0.136565,-0.034783,0.891143,1
15.800230,15.768714,-0.136025,-0.034149,0.888670,1
15.815481,15.783996,-0.134761,-0.033321,0.885247,1
15.830334,15.798839,-0.132665,-0.032461,0.881125,1
15.845466,15.813963,-0.129469,-0.031658,0.875827,1
15.860391,15.828887,-0.124810,-0.031059,0.868985,1
15.875717,15.844213,-0.119213,-0.030773,0.860738,1
15.890505,15.859009,-0.113115,-0.030744,0.851121,1
15.905728,15.874231,-0.106829,-0.030768,0.840092,1
15.920581,15.889086,-0.100574,-0.030934,0.827467,1
15.935796,15.904283,-0.094419,-0.031316,0.812871,1
15.950724,15.919234,-0.088861,-0.031563,0.795891,1
15.966003,15.934490,-0.084007,-0.031220,0.776052,1
15.980828,15.949328,-0.079041,-0.030238,0.754115,1
15.996051,15.964565,-0.073374,-0.028164,0.730512,1
16.011001,15.979497,-0.067151,-0.024979,0.705376,1
16.026054,15.994553,-0.061175,-0.021921,0.679182,1
16.041021,16.009526,-0.056196,-0.019898,0.652343,1
16.056193,16.024728,-0.052119,-0.019125,0.625431,1
16.070981,16.039484,-0.049467,-0.018841,0.598468,1
16.086273,16.054779,-0.048125,-0.018021,0.571622,1
16.101103,16.069608,-0.046269,-0.015863,0.544690,1
16.116458,16.084944,-0.041176,-0.013215,0.516789,1
16.131287,16.099821,-0.032342,-0.011535,0.487953,1
16.146360,16.114847,-0.022701,-0.011491,0.459179,1
16.161268,16.129782,-0.015354,-0.013452,0.431623,1
16.176466,16.144973,-0.010959,-0.017047,0.405191,1
16.191467,16.159965,-0.009462,-0.020600,0.378874,1
16.206574,16.175072,-0.010172,-0.022901,0.352556,1
16.221506,16.190021,-0.010988,-0.023670,0.325930,1
16.236789,16.205304,-0.010856,-0.023630,0.298897,1
16.251587,16.220073,-0.009615,-0.023682,0.272155,1
16.266808,16.235317,-0.007557,-0.023607,0.245184,1
16.281730,16.250217,-0.006384,-0.022933,0.218250,1
16.296830,16.265319,-0.007956,-0.022125,0.192433,1
16.311891,16.280386,-0.011026,-0.022376,0.168174,1
16.327008,16.295510,-0.013099,-0.025321,0.145354,1
16.341916,16.310417,-0.012311,-0.031619,0.124510,1
16.357140,16.325642,-0.009809,-0.039454,0.105540,1
16.372007,16.340508,-0.007387,-0.046006,0.087884,1
16.387124,16.355734,-0.006261,-0.049435,0.070965,1
16.401993,16.370483,-0.006845,-0.050229,0.054535,1
16.417345,16.385946,-0.007686,-0.050693,0.038861,1
16.432176,16.400847,-0.007751,-0.052477,0.024051,1
16.447418,16.415911,-0.006936,-0.055158,0.010084,1
16.462243,16.430757,-0.005436,-0.057698,-0.002545,1
16.477516,16.446015,-0.004745,-0.059236,-0.013523,1
16.492304,16.460803,-0.005131,-0.059757,-0.023096,1
16.507561,16.476105,-0.006294,-0.059993,-0.031223,1
16.522411,16.490914,-0.007109,-0.060292,-0.037898,1
16.537602,16.506135,-0.007306,-0.060946,-0.042986,1
16.552597,16.521111,-0.006469,-0.061889,-0.047151,1
16.567785,16.536321,-0.004913,-0.063251,-0.050690,1
16.582534,16.551022,-0.002908,-0.064883,-0.053788,1
16.597775,16.566270,-0.000544,-0.066462,-0.056575,1
16.612686,16.581205,0.002238,-0.067796,-0.059097,1
16.627931,16.596426,0.004734,-0.068342,-0.061346,1
16.642820,16.611319,0.006124,-0.067994,-0.063192,1
16.658032,16.626534,0.006549,-0.067343,-0.064813,1
16.672811,16.641298,0.007183,-0.066614,-0.066567,1
16.688211,16.656707,0.007943,-0.066084,-0.068818,1
16.702960,16.671475,0.008188,-0.065888,-0.071273,1
16.718218,16.686722,0.007943,-0.065628,-0.074324,1
16.733033,16.701544,0.007687,-0.065182,-0.077965,1
16.748358,16.717074,0.007889,-0.064747,-0.081588,1
16.763158,16.731685,0.008233,-0.064512,-0.084819,1
16.778552,16.747049,0.008388,-0.064333,-0.087713,1
16.793166,16.761653,0.008157,-0.063773,-0.090383,1
16.808492,16.776991,0.007894,-0.062616,-0.092720,1
16.823352,16.791858,0.008046,-0.061227,-0.094426,1
16.838644,16.807147,0.008672,-0.060394,-0.095461,1
16.853504,16.822672,0.009729,-0.060323,-0.096090,1
16.868791,16.837279,0.010813,-0.060335,-0.096685,1
16.883743,16.852282,0.011540,-0.060060,-0.097280,1
16.898702,16.867200,0.011715,-0.059432,-0.097666,1
16.913736,16.882251,0.011785,-0.058397,-0.097366,1
16.928911,16.897404,0.012227,-0.057259,-0.096571,1
16.943702,16.912198,0.013111,-0.056802,-0.095490,1
16.959028,16.927527,0.014004,-0.057088,-0.094235,1
16.973900,16.942398,0.014317,-0.057172,-0.092767,1
16.989126,16.957629,0.014170,-0.056143,-0.091106,1
17.004015,16.972537,0.013996,-0.054519,-0.089435,1
17.019129,16.987637,0.013771,-0.053266,-0.087705,1
17.034070,17.002589,0.013796,-0.052529,-0.086248,1
17.049207,17.017718,0.013710,-0.052054,-0.085028,1
17.064069,17.032580,0.013353,-0.051772,-0.083724,1
17.079339,17.047836,0.012649,-0.051478,-0.082071,1
17.094311,17.062810,0.011700,-0.050930,-0.080225,1
17.109337,17.077835,0.010874,-0.050418,-0.078397,1
17.124273,17.092763,0.010590,-0.050290,-0.076738,1
17.139489,17.107991,0.010562,-0.050180,-0.075495,1
17.154334,17.122865,0.010425,-0.049719,-0.074576,1
17.169898,17.138406,0.010259,-0.049057,-0.073745,1
17.184429,17.152935,0.010487,-0.048797,-0.073165,1
17.199667,17.168172,0.011214,-0.049308,-0.072567,1
17.214426,17.182911,0.011732,-0.050205,-0.071520,1
17.229698,17.198195,0.011428,-0.050702,-0.069859,1
17.244653,17.213193,0.010390,-0.050171,-0.067715,1
17.259731,17.228230,0.009096,-0.049256,-0.065415,1
17.274727,17.243226,0.007959,-0.049067,-0.062973,1
17.289912,17.258411,0.007087,-0.049546,-0.060721,1
17.304767,17.273256,0.006601,-0.050122,-0.059127,1
17.319932,17.288440,0.006254,-0.050463,-0.057941,1
17.334886,17.303380,0.005653,-0.050601,-0.056671,1
17.350178,17.318712,0.005260,-0.050489,-0.055299,1
17.364898,17.333391,0.005082,-0.050103,-0.053795,1
17.380131,17.348623,0.005180,-0.049589,-0.052175,1
17.395149,17.363644,0.005375,-0.049226,-0.050450,1
17.410314,17.378810,0.005128,-0.049292,-0.048685,1
17.425579,17.394075,0.004674,-0.049590,-0.047168,1
17.440319,17.408815,0.004475,-0.049669,-0.046120,1
17.455832,17.424339,0.004697,-0.049566,-0.045662,1
17.470552,17.439040,0.005149,-0.049478,-0.045304,1
17.485290,17.453802,0.005354,-0.049223,-0.044547,1
17.500492,17.468997,0.005129,-0.048531,-0.043072,1
17.515435,17.483947,0.004671,-0.047468,-0.041436,1
17.530750,17.499247,0.004031,-0.046346,-0.040068,1
17.545570,17.514064,0.003492,-0.045346,-0.038923,1
17.560828,17.529326,0.003121,-0.044227,-0.037615,1
17.575545,17.544089,0.003029,-0.042935,-0.036109,1
17.590896,17.559412,0.002960,-0.041829,-0.034440,1
17.605631,17.574130,0.002688,-0.041283,-0.032574,1
17.620952,17.589483,0.002260,-0.041238,-0.030527,1
17.635771,17.604279,0.001894,-0.041332,-0.028575,1
17.651022,17.619610,0.001708,-0.041414,-0.026820,1
17.665886,17.634395,0.001514,-0.041443,-0.025330,1
17.681443,17.649951,0.001176,-0.041638,-0.024043,1
17.695950,17.664449,0.000554,-0.041959,-0.022984,1
17.711250,17.679749,-0.000204,-0.042207,-0.022079,1
17.725987,17.694549,-0.001025,-0.042348,-0.021175,1
17.741169,17.709670,-0.001457,-0.042642,-0.020321,1
17.756126,17.724616,-0.001361,-0.043278,-0.019517,1
17.771471,17.739961,-0.001264,-0.044159,-0.018561,1
17.786150,17.754639,-0.001659,-0.044930,-0.017487,1
17.801412,17.769907,-0.002244,-0.045297,-0.016638,1
17.816342,17.784876,-0.002821,-0.045384,-0.015748,1
17.831573,17.800067,-0.003090,-0.045418,-0.014820,1
17.846437,17.814930,-0.003099,-0.045678,-0.014079,1
17.861573,17.830071,-0.002925,-0.045905,-0.013434,1
17.876499,17.844988,-0.002668,-0.045833,-0.012831,1
17.891769,17.860264,-0.002309,-0.045453,-0.012294,1
17.906530,17.875021,-0.001761,-0.045348,-0.011817,1
17.921753,17.890294,-0.000987,-0.045901,-0.011125,1
17.936596,17.905087,-0.000901,-0.046583,-0.010330,1
17.952097,17.920608,-0.001864,-0.046952,-0.009520,1
17.966771,17.935292,-0.003328,-0.046907,-0.008997,1
17.981987,17.950475,-0.005169,-0.046884,-0.008727,1
17.996761,17.965287,-0.006646,-0.047063,-0.008793,1
18.012097,17.980597,-0.006324,-0.046919,-0.009305,1
